event_id,user_id,event_name,event_ts,event_date,session_id
5ea50587-6194-4860-a3c4-7001acf8435e,63e3c73e-1a86-4f9c-87af-b7c830fb64c8,session_completed,2025-02-02 12:24:55,2025-02-02,c9adad2c-3760-4bfa-a3e6-a05280163207
12a84362-0a0c-4beb-beab-922a04204470,e50a4576-dc01-4edd-865b-9510314076b2,session_completed,2025-01-27 06:52:25,2025-01-27,13a82510-ebe1-4246-b357-bf569b280642
614dbc8a-6a1f-455a-a5dc-2ba0a75265f6,2fc985b3-1dfa-41c2-a009-c6de21f1f94f,app_install,2025-01-18 02:14:29,2025-01-18,
710ea53f-4afb-4b92-ae8f-e71bd240cf48,880e3d2e-aecf-4add-ba83-4620739f3d59,session_started,2025-01-28 14:23:03,2025-01-28,dbc19601-4a0a-4a63-b3fa-5c26700f6c04
7a2e95f3-a63f-48b3-8839-f3af25d93124,f79e2a23-1ce8-4384-a1a2-ea1fb4707bd6,session_started,2025-01-27 03:02:02,2025-01-27,91f67d93-1b25-455c-9529-29ba5be75822
70b80937-08cc-4f49-a059-46fc180c5dcb,876cda98-f885-409d-b245-de819d75fac8,session_started,2025-02-04 19:45:09,2025-02-04,33b81f38-3408-403e-a46d-c6185760ca41
fde5ec02-9d5f-44a1-bd42-5c9ccb6c1938,a8135bfa-7854-47bb-84c3-1117bb85640f,session_completed,2025-01-31 15:14:08,2025-01-31,4404ad4e-4b7b-49ca-a98e-0475082d3461
1108a405-e9ea-4f67-8414-8b553bc4ec3f,99edf37b-2938-45ce-981f-b07d2959333d,session_completed,2025-02-02 00:00:17,2025-02-02,3d464b6b-5aa6-4b74-8a40-a3a2e35019eb
12100911-5a72-4944-9125-80cba1e295eb,02b2f7b5-f884-4316-856c-325de0a4565e,subscription_started,2025-02-05 02:12:36,2025-02-05,
6e4edea3-c34d-4c5a-862a-417457ad1855,dabb2a35-6c5c-4531-8cdc-c6f15efc9ad9,session_completed,2025-01-27 06:08:46,2025-01-27,f544400b-e95e-4140-bfda-9da94185cd25
84cace58-9a98-4fda-8b69-bd76ff63b7e8,bad1e203-9d44-4fda-b804-2c8bc8d7573e,session_started,2025-02-03 13:21:27,2025-02-03,af23281e-0b3d-4167-839a-8719c194bcf6
fd653c9a-f495-4e03-a964-d453c3ec6d07,131e0eae-9614-44ec-9e3f-f97b73521636,session_completed,2025-01-16 16:15:50,2025-01-16,6cbc0b95-a064-49a9-96d7-bb34ff59a2d5
44209fe9-1940-48cf-81e4-b1abb9d5fc02,37005fc4-0116-4877-864f-b58a5cee958d,session_started,2025-02-06 17:49:45,2025-02-06,28e3b5ff-6b2b-4911-b9ed-227852a65f5c
81ccf0cf-cba8-4114-b493-17b21e1200d5,5ef0b28d-8720-4335-80fe-6cbbd5fe76e6,session_completed,2025-02-01 01:56:48,2025-02-01,b71640fd-df2b-4250-86d8-0b07e7f13470
26c8ca13-c828-4ae5-998e-c03e5e049254,df291483-3f13-4919-86cd-942448f1cff7,app_install,2025-01-26 01:46:08,2025-01-26,
30a27f79-fcf1-428f-b092-87997ce62e70,405a3ba1-0954-4c22-840a-b71504d71832,session_completed,2025-02-11 20:45:52,2025-02-11,8ed45f1a-f7cb-4260-8324-43d46ca7ccab
d2ad697d-6227-4090-a94b-51d1a18a3d17,12ae4bd9-8219-4fec-bca3-1cca6783582f,sign_up,2025-01-04 08:18:18,2025-01-04,
cf94ce2c-17f0-4b72-8835-d26dc3211604,7799590a-c17a-4125-a093-faa565c1048b,app_install,2025-01-21 13:12:03,2025-01-21,
b180b155-be62-4832-a343-e17c436b0918,fd6e1070-1828-4a6b-ba60-abb7f7c24ca7,sign_up,2025-01-24 01:14:42,2025-01-24,
83704f41-0824-41a5-a22a-c44117cb8d39,b5b92775-0b7e-492d-bd94-67e1f55b1c52,session_completed,2025-02-18 09:54:26,2025-02-18,bd000d4d-48c4-4377-bf39-8cd99a825a48
3ee273b2-d961-409e-bc12-4cd4f17db7ac,b39c1629-d8b2-487f-a056-78c1455448ac,session_started,2025-01-17 04:19:56,2025-01-17,3843a793-dcf7-424a-ac24-945aedb66070
e638a378-0b51-4baa-8b49-bbc81ce925ae,6f1c66f4-b400-40cb-8d31-90c558e4125b,session_completed,2025-01-30 03:48:22,2025-01-30,709d7a44-6a05-4101-95e3-6fc1821d79dc
1ccc7641-45ce-4aa6-b1b6-38d1786e62c8,340a3fed-6ca4-4511-82e6-d980cc33ecb1,sign_up,2025-01-04 21:20:11,2025-01-04,
a91ddf67-9f71-459c-8dfb-6146694d7065,7f2585e1-69e8-42c0-856d-b4bd8a59126d,session_completed,2025-02-17 20:03:51,2025-02-17,7ad5a7e3-4a9c-4764-a72a-c8866d9c6b5c
8156cdc9-bcbf-4ce0-ba10-6d583959032d,cbe39280-369a-4204-9b15-7cd45105576b,session_completed,2025-01-14 21:02:30,2025-01-14,1511ea4b-0202-41f9-b09f-decb222d39ad
b0333b16-5277-434c-8cdf-753104b15aeb,847b1061-7c01-467f-ae7d-7ee51a7177d3,session_completed,2025-02-13 15:08:59,2025-02-13,c1fcf054-3629-4386-8be3-9cea9b47ce71
bc75fb86-9c06-481d-9199-741b6afa4a6d,55ba0cab-1712-4651-bb25-410bb9447e76,onboarding_completed,2025-01-19 15:49:59,2025-01-19,
5c6855fa-fd97-416c-b008-aa8cc8aca04a,85916cdc-bd08-4330-9d4c-f7b5cb92c837,app_install,2025-01-30 13:33:59,2025-01-30,
afe967d7-b38e-421c-bb25-bc213b1d5941,038d436b-2d65-4cf2-a6c4-1ca3f603bf0f,sign_up,2025-01-25 03:46:41,2025-01-25,
444b11dd-e950-4f01-b246-52d08fa645cb,19a9b2d3-b284-46c1-9301-add9e0d307b3,session_started,2025-01-28 19:50:41,2025-01-28,69afb737-3a72-49be-9d7f-05b646bc1d28
bbfaca03-5c2f-42e8-88ab-f99dd320ce28,5612ee0e-0f05-4239-bf8b-6480879b4d1d,session_completed,2025-02-12 11:12:23,2025-02-12,74d53c4b-8bd7-4f0c-a44f-a236452d6fed
d32e7730-05c9-4f19-b27f-bede10dce4eb,eb0299a9-c76b-44ac-956e-686063fbd300,sign_up,2025-01-28 07:56:06,2025-01-28,
a706f10d-f49a-4d29-b54c-d5fa8384ee5d,e8bfd2bd-4c4e-49b8-90dc-259cc8db4b6c,onboarding_completed,2025-01-05 13:11:09,2025-01-05,
beedf5c5-9e76-479e-9dda-60692edff699,b488bf3b-b096-4205-bfab-5c612a3af470,session_completed,2025-01-13 01:39:38,2025-01-13,c1dcefdd-6bfe-4e01-909b-112080ae2032
20fbe79b-5ae1-425c-b6fe-a73c29e4281f,a47fa1e1-fb47-4053-b99e-50dc8ad3c193,sign_up,2025-01-30 23:42:24,2025-01-30,
4977c295-ac05-4002-acb0-cfdb79a82bfa,98510c1d-37ec-4909-8b0a-7db046e1d42e,session_started,2025-02-08 11:29:43,2025-02-08,057d10f1-668c-4927-848a-e862141dae2e
85012186-07b1-4e1d-ae0e-795033f7cc22,7ba06f77-9ed3-42ef-a669-19907d169bee,session_completed,2025-01-31 02:03:25,2025-01-31,040f2f26-12f2-4526-8afb-75e4b3c332e5
e7ea5686-eff5-406c-aebb-77a3896f9802,d75c4309-304e-4df7-b45f-74c88c3c7182,subscription_started,2025-01-31 11:09:40,2025-01-31,
601a7ba6-bcd2-4395-bc57-c4674c915fdb,3e32659a-cd77-448e-b418-64fbc1b1f094,app_install,2025-01-26 00:25:36,2025-01-26,
9dde6bd5-b00b-4bea-ad55-34edfbeea0a1,408711ed-2f3b-4c95-b80e-baa1e21d5758,session_started,2025-02-07 05:58:48,2025-02-07,d034390f-c800-4546-8b82-9137db062d14
8faf0614-fd34-4f4f-bfae-b6482d390c11,c66cf63b-fb50-4bfe-bc67-b704689759fe,app_install,2025-01-16 07:38:31,2025-01-16,
7cb009f2-46dc-4a1a-b803-ee9a0cd4d286,06b02f2d-ee78-417c-9369-4903d308219c,session_started,2025-01-15 06:57:37,2025-01-15,731786ce-45b5-4e79-94a3-e89c1b854d82
e445fa77-3101-4c9e-aaba-137ec731b056,2f025f47-e1f5-4f78-b008-e399e6e8ac3f,app_install,2025-01-07 05:16:39,2025-01-07,
6bfd0cf1-8976-4892-a778-db36e09598fd,724accbb-8dfa-42eb-82e7-00f44469c4b3,app_install,2025-01-17 17:21:50,2025-01-17,
4345f6e5-d703-4f61-9375-099b85f190cd,5cf8fd62-2aa7-4879-88e4-d289c205a55e,session_started,2025-02-16 14:19:33,2025-02-16,11a0ffda-9e1e-4607-b41e-d0b91cff24ef
d7867444-fd4c-432a-b367-b98ff606aeda,dbabac9b-35ba-4e20-9c3d-1a7d812b77d8,app_install,2025-01-14 09:26:46,2025-01-14,
11211a15-facd-4e90-be19-1f43a00d122f,2300284e-c3f8-4998-ae00-a2358ef18ad0,session_started,2025-02-19 04:11:45,2025-02-19,394f5a47-d82f-4e10-8bd9-4d71114ebd6e
09f35680-d731-42db-b7b4-3b01e5dbd0cd,82a7a257-fe38-4ec2-bda6-17eeeda86310,subscription_started,2025-01-30 13:03:35,2025-01-30,
a3e68eac-3e01-439c-b3e2-6a9792cc3b28,06b02f2d-ee78-417c-9369-4903d308219c,session_completed,2025-01-18 11:41:28,2025-01-18,4cd4cb70-a751-463e-ac6f-6c9ce09efe3a
9ac17c10-0565-40a9-8891-d01e309e0903,e6a37269-faa0-423d-a6ac-d61301d91047,session_started,2025-01-27 06:06:05,2025-01-27,9a10b98f-4e4f-48af-999c-a85e3f3f68a8
9c1569ca-0aa0-4763-9dae-22b2e6c5ed59,163243a5-dcfc-43b5-9a1b-ad8099b4c381,session_completed,2025-02-13 06:22:07,2025-02-13,bf6026cf-8403-496f-8640-3b518d5fea1e
266c481c-86cd-4b96-abac-86870acfbf0f,eb710941-4c5b-488b-a3a7-da1bbd236c93,session_completed,2025-01-30 11:52:31,2025-01-30,e0044f93-d3fb-42fe-a666-7b594ed2d39d
15d00eb5-aaa0-4a8c-b1e4-394a014bba03,f5edae54-261c-47af-a04b-9d02aa524039,session_completed,2025-01-07 08:41:07,2025-01-07,2b4a214b-ef37-4153-ba1d-15ea44b25321
a4de07c1-b8b6-4b62-aca8-4f1bbb0e1eb2,ef856019-e99c-4a5a-807c-ec00f564dbee,app_install,2025-01-05 20:24:16,2025-01-05,
12f1c320-0e7a-4b40-852a-75c605fb67fa,62b736b0-c0f9-4178-a3af-becd66c40744,session_started,2025-01-04 11:02:39,2025-01-04,79e676d8-260a-439a-a57f-6cf8fc1b6faa
a8d70570-977c-4000-8c69-b61bdab56413,0a3c9dd3-57f8-4ea8-b25b-4ec450ab8379,session_completed,2025-02-05 02:43:29,2025-02-05,71ea0a8e-b165-4944-b78f-d214a6b66e1b
efc83afd-08c6-4f77-b2d9-b35d4741ced7,5fa8c72d-30ab-4448-94f2-0a99e02ce8ea,app_install,2025-01-14 05:40:17,2025-01-14,
cf031982-c37c-4432-aa9c-1ca401edce19,3ccefe0c-32be-46ba-8a71-ba3ce043c2c7,sign_up,2025-01-22 12:34:43,2025-01-22,
c9463f9d-9734-4635-9a85-dcf636c6a832,40474c6b-0c19-433d-b44b-e6a821b6d955,sign_up,2025-01-07 09:17:28,2025-01-07,
247acd56-8e84-4c0e-a3fe-f926346a4a53,6c33db1b-fc9e-4f35-a35d-f1592b00ffc5,app_install,2025-01-31 18:14:30,2025-01-31,
0d8857c5-563a-4905-ad8d-248387a34aea,7071d90c-3010-4976-bb2f-c59638b0247f,session_completed,2025-01-24 00:45:09,2025-01-24,ef26ce63-3406-49f8-aebd-fd480a3e4964
af7e4175-7cbd-4e17-b549-361f577f97b1,f91ff218-dfd3-46e0-8759-42e95530872c,session_started,2025-02-17 13:34:03,2025-02-17,4d9107a5-653a-4fa6-9632-5a2b8989e972
5c9a72c1-7f41-44b6-92c2-61dd8ec52886,da520ae6-c7ee-4c28-b27a-1bc6df009512,onboarding_completed,2025-01-11 09:42:50,2025-01-11,
b17d25ee-7242-4268-9d0f-b491e61c70b9,833464d4-9acc-4092-b869-8b8a6d56c0e9,app_install,2025-01-03 21:47:25,2025-01-03,
ae100703-3354-4d25-84f4-01b9c2d3956c,8d914f57-357f-4eb8-a96e-7cf4936dc4da,session_started,2025-02-06 18:39:56,2025-02-06,0defa7d8-8c8d-4bc0-8bff-d3e7a11aecf4
97205e75-6f41-475e-b60f-cea4973df366,aea72d40-30f4-4702-9229-b6ef3e8c6f87,sign_up,2025-01-13 20:07:30,2025-01-13,
09dbf2ea-861c-451d-9304-1e2593fc5bcd,7bd18ede-8801-476b-89a4-e6e4c638ae9a,sign_up,2025-01-07 15:48:25,2025-01-07,
a95079f0-5653-4cde-b301-7d60c3e460f2,2d584a71-3eae-450e-a3c2-fad902ccb050,session_started,2025-01-17 08:35:30,2025-01-17,05f57d38-cda6-4454-bc77-4ea4e949e206
0cbe4a2e-0f34-4fc7-8e88-c33915f80269,dd1c63d1-7d65-44e9-a323-76bc27f5c1c9,onboarding_completed,2025-01-13 14:52:10,2025-01-13,
7e37a009-25cd-451c-a006-722eba34a5d1,95ad1d71-f0f7-454a-b997-1ebf71ff37a8,app_install,2025-01-12 05:33:32,2025-01-12,
3021ee2f-cfd9-4444-94d0-ee446d2a6e01,8be4f233-87b3-4a1f-b108-6050471ae9d2,session_started,2025-01-12 18:19:09,2025-01-12,6a971a17-2b57-432f-a47d-88ee8ec5b4b7
b5c40ceb-b353-4fbf-b809-5d4fbd980177,6d52cc39-122c-44ab-ac95-067e8f076e72,session_completed,2025-01-24 23:30:40,2025-01-24,eebd73ab-525f-45f5-812b-f20dce0b5059
f98d0ae7-426e-42c6-b62e-4bb85cf75a6a,8a3b0769-b42b-46e5-8aa0-19d199f050b0,session_completed,2025-02-15 07:11:31,2025-02-15,d27cca32-020e-4b06-8382-9bb92f70aacd
ab3367fb-cfeb-4895-a7e5-b93c6e9cefb6,a4a244e7-3487-4e9e-9b5a-adca003e5c49,sign_up,2025-01-13 02:03:43,2025-01-13,
99afbf40-141a-4680-81fd-189e6f000f84,15878eca-d12f-44eb-87c3-240ecfabf274,app_install,2025-01-09 11:48:14,2025-01-09,
e1adc127-3b22-4114-a496-4871d43d25a5,826fb924-8e66-4a8d-9cbe-db6e9cf1ddb5,session_completed,2025-01-27 10:20:51,2025-01-27,e3557890-1c42-427f-870e-da13854bb90d
8da11ae2-6c5d-4cb4-afb2-e2428352e5e5,97a09cf3-a838-4888-9c27-9c6a23460f29,session_completed,2025-01-31 00:54:07,2025-01-31,4a7dad7e-a9ce-40e6-a816-ed84f79aefc9
b7ce9230-1a33-4857-b5f7-9f08f7d48e69,ca9648d6-491b-483a-b44f-b05fde5d0616,session_completed,2025-01-28 22:02:41,2025-01-28,ba0b2b19-bcac-4f2b-a346-e4f913c803d6
d40324a8-8b07-4a9c-90c4-cc8db08c3f89,618b5346-91cd-4437-a598-55595aa308ae,session_started,2025-02-06 18:58:51,2025-02-06,34f84690-5f29-4fce-8316-29c65273586a
ec2dfe82-69bb-48d0-bf78-9b73f3653163,b6bae9c4-2fd3-49a3-aca7-cd944d99c1dd,session_started,2025-02-25 04:40:37,2025-02-25,7b18d104-9a54-4309-8b7a-7d8021d5c32a
fa208574-c131-497b-a9d0-3082da9087c1,8fac327d-751f-47e3-8ab8-fff8e5a8fd46,sign_up,2025-01-04 14:45:45,2025-01-04,
17f34331-e20f-4405-9bf4-d725474777fc,5a3b880b-8ec1-4731-b9c2-50e44d9b1a1d,session_started,2025-02-04 00:54:56,2025-02-04,338cda18-9c03-4513-8705-8c01c21f7f3c
1b6e66c8-d70b-4b2d-a984-77a65c8bef46,6329d291-b484-47d7-b48d-755962a53294,session_completed,2025-02-03 17:34:38,2025-02-03,edee58b4-9741-4e37-aa32-0b6a7a7e81f3
3230ea5e-78c8-4393-98af-afb07d4e2838,f4868ce7-e4ee-4be6-a67a-f499c1fa3d2f,session_started,2025-01-18 04:12:56,2025-01-18,96793f42-1d15-47e3-85ec-8e5be3743cb4
64e0db1b-377a-4d20-bc5c-a88a5a42a989,7f2ae406-c084-45c1-81ae-292991eb2500,session_started,2025-02-03 00:14:12,2025-02-03,360ce807-c20d-4169-bacf-3c8fe6db47b5
ec6b58d9-34df-4fb8-83e4-b0a3536aff96,57da27c2-c43a-4270-96f3-3f93d7440d24,session_completed,2025-02-16 04:38:36,2025-02-16,d9ffc65d-367d-4bd6-8280-a6e83a7b6b81
909cb547-940a-4583-abed-943ec503317a,02a6abe4-088d-4735-a02b-ddc1219f7ee8,session_completed,2025-02-13 08:19:00,2025-02-13,0ffc0b1e-29ba-42eb-9b59-e59224759f2a
0b82e237-e06c-4fcb-9a04-a402b1029e62,5a948985-fb6c-4fcb-b09b-34c1cc1e193b,session_started,2025-01-21 23:45:11,2025-01-21,af8b457b-3b27-434d-8c23-0c7270dfeaf5
aac1849d-2333-493f-86e0-0a00ac6ddb7c,dee3540d-b38d-4946-bf92-837411cd0a6c,session_started,2025-02-06 09:34:34,2025-02-06,ca277e07-de54-4868-be26-46e5447570ac
707a9a20-65da-4763-a708-954318869a27,a656bfe8-e456-4110-bf0c-172d3c0a5a50,app_install,2025-01-15 07:40:16,2025-01-15,
cd144110-3fdf-4a85-9a8d-2629230ea78c,59458ff1-1704-4c47-a3c2-8e5878bea4be,session_started,2025-01-11 08:43:05,2025-01-11,3b3de4b5-c417-43d9-9337-b587a8560541
8fc5930f-8b18-459d-8ead-1aee30c39ebc,0e1170db-022d-474b-9f0e-395db77ad86f,session_completed,2025-01-26 07:30:09,2025-01-26,0ea0c427-040a-4fcd-8abc-69f77d202523
647894af-33cd-4711-b2a1-063ab12d411b,f7e1278f-bca9-4d37-9e01-0ad862be0b11,session_started,2025-02-14 08:21:21,2025-02-14,51307ed6-f8b6-46e1-90e6-5cb90183d8e7
1a27b5a4-9482-427f-a791-3415adcf516b,94fe95dd-41bc-4e0b-aefc-270930af3a77,session_completed,2025-01-25 18:44:17,2025-01-25,ed998543-2574-4ab8-9d93-bbe15fe4dbd7
04b6b537-cc8f-4e33-896f-640308df1253,5d8d6b74-dec7-4a81-aac8-7666b5e4c902,app_install,2025-01-21 03:02:45,2025-01-21,
bb7c70ae-4597-4a0e-b454-2f3e52381065,9eae8dd8-eba6-4afc-80a9-ce7c20b69dc2,session_completed,2025-02-05 00:19:44,2025-02-05,ce4749be-f5f5-44d5-93c2-f365d3303c1a
7f73f7be-be02-4c6e-8c74-5de4d293a5e1,b15b0152-7003-4a35-827c-d01cfeeb1f72,session_started,2025-01-26 07:42:04,2025-01-26,519aa577-f024-4b80-af5b-6a9058c5a3e2
14985bee-2b74-4cd9-a1e6-670e911acabb,ac8ecb64-5cd9-488b-8786-29f403d5979b,app_install,2025-01-25 21:11:11,2025-01-25,
bf59fb1c-8540-4053-9493-ffa07fdfd3d1,b21907d7-4609-448c-9967-1aa318530d3d,session_started,2025-02-12 03:14:28,2025-02-12,632e5131-be06-4731-91c2-164d9cf0957a
36686935-455d-46ff-bd0f-5c466a2393dc,6d8b1157-b778-41e9-a254-e87ca90f10ab,sign_up,2025-01-28 15:55:22,2025-01-28,
2b5296d1-ecfd-4c49-891c-228d8070c26e,2b4fe27c-6dbd-4e5d-9b28-95f9457daae3,session_completed,2025-02-02 09:07:26,2025-02-02,e1a1a130-cbd1-4a49-b0f3-115f7dd3b4e1
8719c695-59a5-4af2-8762-241a0f1ae5cf,cfe48488-8994-4b07-8a0b-e9863ab0e393,app_install,2025-01-22 01:07:45,2025-01-22,
bce3d7f9-e7ba-476d-8343-c3a2517c5e25,59796a6c-cbd6-43b2-aea0-c3a035908bf5,app_install,2025-01-09 03:20:47,2025-01-09,
043ebcf4-7a84-406d-827c-d277637df67d,2ddb7edb-c9db-479a-ba10-b6610bd5d5af,session_started,2025-02-23 17:26:22,2025-02-23,3d9312fa-df54-4ae2-a236-6c24b866b333
065d6df8-ac03-4632-90d2-a0708c00b012,b71bfc60-a90a-49ae-af5c-13d8e94b1939,app_install,2025-01-05 17:18:50,2025-01-05,
ccf3e0c9-7d5f-4e19-b2bd-c077f0b3f809,60ed3f3e-1df1-48a1-9ba5-68fbb06afcbf,session_started,2025-02-07 21:35:30,2025-02-07,0f31126a-d9a5-4198-b502-78bfefc6d9f0
da538306-47f3-407c-bc14-42465f5c127f,c8d698e4-02c0-45f0-88c9-ae583022c622,session_completed,2025-01-29 12:53:01,2025-01-29,f29a6ef8-61c6-40b1-aca2-fec3f8f3c86d
a6da3263-a323-4538-94ec-0fe4be4e0c07,7fcaaaa6-67c9-4658-94df-ae37c9d6925c,app_install,2025-01-26 19:35:07,2025-01-26,
63b01b16-bac3-4ebb-9afd-d7fdb871ac0c,923ae1e1-9acb-4ab8-8ef5-cda4d8799c94,sign_up,2025-01-30 08:23:28,2025-01-30,
f7ba888a-8455-441c-b603-79ee0cf88390,ac0c7aee-c28b-485c-8f85-3d3b06103475,session_started,2025-02-17 12:57:18,2025-02-17,aa4b4c64-9cfc-4a93-9d24-a8d0b0c7387a
e6d43162-6229-411d-93f2-f32539fbd362,a21fbb10-eb0f-489f-a97a-b8ef172d4a59,session_completed,2025-01-20 15:14:52,2025-01-20,f0e8814c-3272-49c9-ae2c-c9a4a0477a0a
b0efc045-8c3f-40e0-8bb5-7743b5f59382,70cc461b-13f4-45e1-8e68-81906b0d4559,session_started,2025-01-20 23:47:16,2025-01-20,f6d1e04f-f9ce-4963-9ade-0def443aaaa0
473f1dc9-8b16-4f32-a1f1-ba9e081214cf,89e74eda-fb2c-4205-970c-9aa4d07d15b5,app_install,2025-01-05 21:05:40,2025-01-05,
512da34a-d3cc-4190-a459-e81398a59341,1d774ec3-3513-4a5b-8c25-2558ec0746a8,session_started,2025-02-20 00:36:14,2025-02-20,19603154-403d-4fe6-825d-4715450748ab
2b28a509-b7ca-4b17-9f0c-5e8bc5927f46,f9ab65ed-0caf-47a0-bf42-da4bcde1e125,session_completed,2025-01-08 12:36:29,2025-01-08,2d7c86fd-49dd-488f-a2d6-7ec3a87bb93c
1b9c562e-c3aa-47a4-b815-612ed29854ee,fde618bc-5f87-420b-a352-b1c60c342e9f,session_completed,2025-01-28 21:00:06,2025-01-28,7b7b5fcd-5f5c-48ae-ab8e-5837b5411129
960beac8-22f5-4572-a2a8-1c27474190ad,74190c0e-fa59-4baa-bd97-76e98a531178,session_completed,2025-01-28 14:30:26,2025-01-28,5d925673-413b-4851-be6a-058909020a84
35b7d054-d7ff-4004-9763-007be0207f64,ea3d28a7-849d-49c3-a547-029c5bf1a26b,session_started,2025-02-16 19:57:28,2025-02-16,16dcc05b-bd45-4a18-a31a-078425b3b985
f92886db-fb88-4ecb-8878-81c81031559e,8708a487-3910-406f-8784-e05b3106b39e,session_started,2025-02-08 17:56:48,2025-02-08,341050c9-ed46-485b-a721-2e948c2aecf8
53c00d72-bc39-4802-ab64-d5bff1e6b600,2374ea98-ae3a-4439-99ca-8c09abdc9c47,app_install,2025-01-19 02:40:58,2025-01-19,
ebe26c60-01c1-41d5-9175-e8d2656fbc35,04b22890-1503-42f3-a116-52b2275c3edf,app_install,2025-01-06 18:42:57,2025-01-06,
7a3bedf8-09cd-4224-8a03-62191d315f67,91bad63e-e3ff-4f96-b41d-b9286e2aeba0,sign_up,2025-01-29 10:49:58,2025-01-29,
4996f38e-fd46-4904-bd4c-65f4d594b68d,d32bf1f7-3723-4abb-a54c-b5b7c1712925,session_completed,2025-01-22 05:29:20,2025-01-22,9cc5dcde-1389-4dad-a81d-8e9b59359dda
0d65a061-a2ee-4cf5-950d-3ddb91a20bf2,871d7ddf-59c4-4d19-8131-75372dddda38,session_started,2025-02-02 00:09:56,2025-02-02,1573ecaa-c23f-4631-baed-6e81c1c688b5
cb9b1b9b-53c8-45fc-9fbc-fca3c118a5ed,8257ff34-f039-4b5c-a611-4cbc7977b79e,session_started,2025-02-08 16:22:57,2025-02-08,40b46b30-e554-4481-bfcf-719617fe4c50
4569a14b-0a72-49af-b7dd-94f90d891dd6,3966fd78-671a-4ee5-8c6f-8422250aaf15,app_install,2025-01-09 12:38:22,2025-01-09,
f81b9d2b-b33c-4430-9818-26757be62956,729966d2-162d-4b85-b767-fe4b988d2980,session_completed,2025-02-05 13:38:04,2025-02-05,8fcf9b2d-c5ce-4c74-8eca-75e9c0e317ef
28f24954-f893-463e-8b75-2db260a082db,cea4650c-f1ee-4feb-817f-00429475a486,session_started,2025-02-20 23:36:15,2025-02-20,c65e651e-59ea-4c62-abb3-085ae6384f79
522c4c54-787e-4d59-a8df-4146e6748ed7,e06606d8-3c02-4f29-a9f2-5cea665737ca,subscription_started,2025-01-17 20:52:17,2025-01-17,
f90ed851-0160-4218-8359-23605a587ee1,2a8a7ee5-a920-4b18-8a45-a64951460e1d,session_started,2025-02-12 02:37:33,2025-02-12,aeb500aa-7517-4f56-83fb-3ff59805ba36
42875cb9-1025-49f4-890a-7ef59919fedd,fa6c8dd4-4b61-44a5-a599-e6f3ca3811a5,app_install,2025-01-05 14:50:57,2025-01-05,
39f996dd-dff4-4f09-ba3a-508f3070d7c1,5a948985-fb6c-4fcb-b09b-34c1cc1e193b,session_completed,2025-02-03 19:02:55,2025-02-03,f678d952-387a-4a24-8941-9735ca9b0dd7
17ab6467-8456-4f60-8357-39df5060704a,07be3f4a-0565-4c0e-b2dd-860d767c4c60,session_completed,2025-02-04 22:35:33,2025-02-04,a06dad09-11ac-4cad-8591-f144e904a1ba
c730d258-aa73-4d20-8159-2c45b0c411ff,249fc377-fe12-435a-8147-f6cc5fc91ede,app_install,2025-01-07 01:35:14,2025-01-07,
ac4a650d-4f60-4d09-bc3f-1c94d2087f81,9592e4a1-2fcb-46b5-8f3b-db417ae018d3,app_install,2025-01-17 17:04:06,2025-01-17,
d3301127-83fd-4211-a560-8d9637ef36d7,1bf04f28-3f66-4dd1-87a2-cb27dc07aae4,sign_up,2025-01-16 00:04:22,2025-01-16,
c20cc965-68b0-4f2c-831a-0fac40947cb1,8644b103-0f14-4ec9-b99f-b76498763b0f,sign_up,2025-01-16 09:21:50,2025-01-16,
30c23d33-409a-4a31-8a94-dea94f4ec505,2755848f-8a3e-4686-8acf-ca946623a4d3,app_install,2025-01-12 03:50:21,2025-01-12,
14087fce-f677-469a-9bb6-e20ea925a125,817ea8c2-c326-4949-a760-99daace9625f,session_started,2025-01-29 06:11:52,2025-01-29,2e6a901b-c878-46e5-bff9-1aea4819ac74
4c7c229b-988c-4734-aa2e-03fc588c3a8d,8466831d-2b7d-4bee-b4cc-f1f5060b3554,session_completed,2025-01-16 20:46:42,2025-01-16,09d998d0-41a0-4191-aeb5-3156f4b5bdbf
11773657-20a5-477c-ada8-3c00358eb514,6a0a0c46-8ee7-48ca-b6b7-84d3776f5901,sign_up,2025-01-15 03:06:50,2025-01-15,
e2869df3-d1da-448f-8ea8-eb631a50f269,538f6d58-d07f-4c26-8835-90551b972e64,session_started,2025-01-29 20:25:10,2025-01-29,3ab37b9f-b4cb-460f-bce6-c5df80980f91
6d3b817b-41be-4471-8c5e-d3f814c67852,b1e09a75-ab5e-4765-97da-6f649981211a,session_completed,2025-02-01 01:09:30,2025-02-01,caba3424-cb3e-4c81-af70-8fab71953345
b1c7726c-434e-40d9-924d-ac95c1e027e6,5803289b-3b5f-45e3-99d6-ff6cba3e39d0,session_started,2025-01-31 15:26:23,2025-01-31,f85aa547-1057-4836-8710-4cebe3a00169
0fae7065-2863-487f-ba31-47f8fd6e39d3,6063d438-ae20-47d2-bb39-109275c09584,session_started,2025-02-01 07:10:23,2025-02-01,35a22043-bcc9-460a-80f5-9390094801ab
9d44490b-8a50-4848-b02e-4553fa7c70b0,d728b319-fbc7-413d-90f6-f5b84891fbbb,session_completed,2025-02-01 12:29:06,2025-02-01,ea1ebb76-f4b2-4d1f-ab60-b3e56728948e
52363d10-f057-42cb-9344-0fe4ce37ffc1,b3819bdc-ccc6-4900-a0b1-8c9e57c1c791,app_install,2025-01-27 00:03:09,2025-01-27,
60916016-c206-494f-9c86-d12c3809a519,b522aa2f-e66a-43fa-b50e-1d0de5c9126d,session_completed,2025-02-08 22:52:58,2025-02-08,df99c921-94be-4105-a7b9-cb050d78110b
1e816a28-78a6-49bd-942e-dfd9dc283d38,b00e698a-6bea-41d7-ba12-29a4bd3e858b,sign_up,2025-01-15 12:54:45,2025-01-15,
518aaa40-70e9-4ca8-bad3-feb0d5fe6472,2421cc96-34bd-4e73-9b04-2c9b5c8fa083,onboarding_completed,2025-01-23 13:25:50,2025-01-23,
f106ab96-fb4e-4159-8e87-56897b67cafb,6ab50a8c-5eeb-4511-be46-8bb7a949746d,session_started,2025-01-30 20:41:38,2025-01-30,66a871aa-d450-4346-94d5-74573c2f0c93
0130d166-b0f2-4447-9039-4b3ee2b3de80,7107820f-766a-4a68-8829-d17127827830,sign_up,2025-01-10 10:44:05,2025-01-10,
1dcedb48-b57d-406c-8b58-cef843872e5a,0ad7ab40-fd56-486d-bb60-55931886716c,session_started,2025-01-09 09:19:05,2025-01-09,a1352459-5a98-4f85-a670-7479d2941256
eff2894f-b7be-493e-bef5-ca3832c247ea,64d8b602-1d9a-4c0e-b866-c7880a510a93,session_completed,2025-02-08 19:14:58,2025-02-08,f71c4aaa-92f4-4842-a830-f4cf5668e8ae
97591de4-ba45-48e8-9926-0a1680a71b98,946592b3-f8e5-4303-8014-abbdae6c507f,session_completed,2025-01-26 08:20:34,2025-01-26,1c365fc2-7998-438d-a54b-c03024c3517e
4492c39a-2308-4998-93f2-a230fc3d2ae5,14628600-8470-4f72-a707-ac13dc6919ed,sign_up,2025-01-18 13:28:49,2025-01-18,
267d5d4a-2adb-486e-8f03-e56faab81d53,4022ecdb-76ee-43c8-adb7-3ff822991cdc,sign_up,2025-01-16 03:07:05,2025-01-16,
27c45eea-9b89-4458-9415-51dd2660739e,e3cfab36-f5b4-4bf0-96df-1493058ee9d1,session_completed,2025-02-24 16:09:40,2025-02-24,b25334c6-68e6-4a8c-a962-d2e7233e58c6
fc11d8c6-eacb-49a9-9c1d-154ffcc892e7,86ecc34a-127d-4f99-ae86-20ffcf5b2a8b,session_completed,2025-01-21 14:25:35,2025-01-21,eb99d796-b251-4e6c-8bfb-f6f5b57df4c4
9d830d2b-b1ca-4dca-a922-44578da7123b,53cc63ff-ec5b-40a6-9d5c-3336dd5d26e6,session_completed,2025-01-14 19:57:53,2025-01-14,cc654723-b6c3-49d7-9fc9-033c36f9f567
12d3bc11-40f6-4a33-b9b8-3004ed15f283,9406af65-1233-4143-ac10-a82d164e577b,session_started,2025-01-10 18:31:23,2025-01-10,d0754e31-97d2-4d01-ab62-bae7b95a1aa5
096f379c-7a84-4ccc-b9a4-5f8b511e734f,1ae43eb8-157c-4800-bcc4-2fd8dce90e46,session_completed,2025-01-22 06:08:28,2025-01-22,9d8e4cba-705a-432c-ba33-09b96eb53056
4f61dff4-e963-4354-a7d1-4afe78e627de,47735cba-add0-4c77-8457-25e8e4e5193f,session_completed,2025-01-17 12:13:25,2025-01-17,8563677d-c8a7-4a81-92b2-00eefa548f40
1b464609-293b-4232-baa1-c3ad6ecc6683,def97774-dfdf-438f-bb4f-6d1ab3b708a1,session_started,2025-02-17 10:56:35,2025-02-17,0af27d45-0443-449b-a816-8e7b3fdb91f3
50856e5a-ac15-4f6a-9900-9075364ca85b,f259d20a-bb30-4c5c-8de6-66ca3c3bbd79,session_completed,2025-01-26 03:48:41,2025-01-26,96bd05ea-4f13-42f4-8ceb-2a162248a1a2
20ef0a83-fcc1-4ebd-baed-1476a4f83118,9f6bbc9d-3925-4b5a-9a39-b5d62b89847c,onboarding_completed,2025-01-31 18:35:11,2025-01-31,
c81cc800-b25b-4477-9a7a-f0421ceed62e,8a3b0769-b42b-46e5-8aa0-19d199f050b0,sign_up,2025-01-25 19:51:03,2025-01-25,
2c1f6022-8e31-4a49-8ef5-eb7de7cf61c6,9f2d4e2a-14d3-4c57-b128-ae80857454bc,session_started,2025-02-09 14:19:03,2025-02-09,329d8de4-74ed-4aa7-958e-208691f1224a
8e1bc7ad-c0f9-48aa-ac67-fc8760d1d1cc,186fd664-a43c-4bc4-86ee-f88e644097df,sign_up,2025-01-06 21:15:06,2025-01-06,
aa0a0235-1cf9-4a0f-a2ce-b677f6a24d89,034b4b8e-d578-4951-8981-aa04cead46f0,session_started,2025-02-23 12:35:24,2025-02-23,767122ea-7cd7-4c7a-9462-73139ae206d5
9c271226-92d1-4a10-b1a5-3a283576023f,b2eb7854-c71c-427e-8ec1-4720c5024a3b,sign_up,2025-01-16 16:48:06,2025-01-16,
5c9cc483-e4fb-443f-bf51-3d5542debd9e,0710023a-0c66-420a-a300-5d40ac48dd21,session_completed,2025-02-02 20:11:05,2025-02-02,9c0776ea-0467-4b38-aa71-f050c7a4fdf1
ebcd6617-0899-4d47-a73a-276232aa1b9a,f49237d4-0650-48c2-9b6c-d447c8ff3dd1,session_completed,2025-01-31 07:31:43,2025-01-31,2197fa58-ac0f-4f98-8556-d3f43492a526
36d9756d-3911-4003-8f9f-4947e9a849b7,fa028555-25b9-4bcc-bf08-fbdd2a1dcab0,session_completed,2025-01-22 03:35:50,2025-01-22,cb6b7ccf-af6a-42a3-8158-f8c924dbce97
eab5bf2f-9b9c-41ef-b033-4a65a3c3fafa,3b9ea309-37d9-4588-a91f-b82e8ad2a2f0,sign_up,2025-01-29 12:34:32,2025-01-29,
9292cc66-a898-4bc6-b0d3-08e5aef06069,9178c2c3-db11-46a6-a1e0-c644d68de914,sign_up,2025-01-01 11:35:27,2025-01-01,
7a27d1f7-27f6-4236-bae8-ebfebdeaa185,335a370c-1495-4fa8-ab51-190119af7c18,session_completed,2025-01-30 00:32:23,2025-01-30,e6b5bb9c-a28a-4b52-8280-e5ad8b009308
2c93392e-6ce8-4d22-a981-b61d7e384ff5,00fb8419-b591-457f-9a1f-d92a7ecc8aaa,session_completed,2025-01-26 03:06:22,2025-01-26,42ea4d54-2e7e-4850-aced-cca5ae2feb99
ac874c30-81c7-478a-b8f3-994f01c3470a,73089e8c-265c-47aa-8c3b-a05fccf71f50,session_started,2025-01-27 14:19:52,2025-01-27,d5f3b035-fa24-4bb4-97c4-94612214dc0f
a52d8548-b296-47dc-acdc-4be626f7612f,c6786055-54b2-4d5a-8fd3-913ae6e67437,session_started,2025-01-20 21:40:49,2025-01-20,8c7c228a-6ecf-4b49-8be9-67d77ada2f4e
f5f89d48-c7b0-4545-8da3-c31a9e0effcf,b759c1e4-97b5-4c0f-a673-fa8f657b03c2,session_started,2025-02-24 03:30:19,2025-02-24,4fe918b9-25ef-4dec-842a-599ee14c17c6
31c42897-415f-4c3d-b0b9-ec1c98a9d5e3,b029319a-5a07-4e56-90d8-819ba91ce206,sign_up,2025-01-04 09:06:01,2025-01-04,
219ab704-6fbc-4486-9504-63147d251dc3,9cd8ea68-01e7-4443-8936-3d45e690d8c3,session_completed,2025-02-14 18:40:22,2025-02-14,37e44dc8-9729-49bb-991f-85e601b5994b
2c0a100d-95b1-4555-b2b7-24cc7186f391,92134c2f-7c04-4556-9a61-799c350e7b6e,app_install,2025-01-27 00:13:33,2025-01-27,
dc4b94b1-4b80-45ad-9642-506a249dbd0b,79ce706b-e4b5-4724-81b7-50a5324a4e1a,session_started,2025-01-31 10:04:44,2025-01-31,c67a6da0-8752-484b-9f14-6287bfed4815
1e04481c-a330-4627-91cd-0d74cbeabeb2,e29f9ff1-e310-4f06-ac1e-9e7ee78b133d,session_started,2025-02-04 19:43:04,2025-02-04,b0ecd779-4492-4a1f-9550-706b2466c424
4bdea7d6-39a2-49ab-892f-0df9ac7dd20b,77c0993d-9ba3-4c93-8188-37ef0effffd0,session_completed,2025-01-13 18:46:33,2025-01-13,1f947d86-0703-4d1f-8983-57a0dd88b3da
64934d5c-807c-4ca7-9064-a96eeda10087,9b9ae358-b195-4952-b0e8-7dfee8113374,session_started,2025-01-23 11:52:34,2025-01-23,363d0082-10ef-4817-afcd-e5d7e0282cf1
f2e1e0b5-20d7-4ac0-acc8-6086f27116d6,3473e010-3991-4064-9585-f6f33dd9b04f,onboarding_completed,2025-01-17 21:35:41,2025-01-17,
310e642d-b39d-43ce-82bc-37e171d18bbf,0ca1b43e-2cbc-4154-9f45-1f8a57ea08ea,sign_up,2025-01-09 22:31:59,2025-01-09,
17ffa37f-2d4e-4d0e-bb59-9aaf62704149,bb029f89-bf2e-430a-9c9f-9e45a8524d93,sign_up,2025-01-03 03:09:15,2025-01-03,
c0329331-7379-40da-a56f-f8baa05d73e0,9ff3b8c7-7c3d-4636-a302-5be2a4ca1bf5,session_completed,2025-01-22 04:02:04,2025-01-22,a49724f4-5aec-4500-b516-332b91b0b9bd
166f15dd-ffa5-4a01-b58f-e14ea2eb2be9,b88c2fe6-f95f-4abb-85ec-5727ed0d152d,sign_up,2025-01-16 00:19:26,2025-01-16,
f31f5ff3-e93a-4696-8999-21f9e8ab0a27,5a143a4d-a93f-403b-b884-f42b4c9e5d91,session_completed,2025-01-25 09:11:45,2025-01-25,290e6b0e-dd9a-4f81-b785-5d9c4123f141
be074e2b-2a99-4504-a954-9a9fda0f7872,079de138-8a97-4e07-821d-da58d2310089,session_completed,2025-02-24 09:51:56,2025-02-24,e447af66-09d1-4c76-9ea5-b95ee45e195f
650347e0-5895-4e68-b4c0-8799e161af6c,8047d428-8eb6-4e54-b59a-a4ee9115d8ab,onboarding_completed,2025-01-25 04:51:36,2025-01-25,
0fc12254-3361-4b01-912c-fe2b80920fbb,637aaaa3-79c3-456a-863b-fd9d601a6da5,session_started,2025-02-04 20:08:25,2025-02-04,ec4cf028-4444-455d-8e1d-0d00a00f3283
2032c244-f0fc-45d8-9b06-2e78593f1813,9d1893c4-7e86-4c27-90f9-226ddac663a3,sign_up,2025-01-26 09:27:33,2025-01-26,
26c7d7ef-9a4a-460e-a17a-3c4fc149e5a3,6f1ba750-ad8b-42d5-8f66-ee4521389979,session_started,2025-02-13 02:06:58,2025-02-13,c3109b2b-cd1c-4877-b956-72be07d48e37
57da5924-2bca-44b8-a8ce-f8c1e653544c,21ddfc6d-2f04-4d63-b55a-9eb7e94a859b,app_install,2025-01-11 14:29:52,2025-01-11,
31c83718-a3e6-4191-8362-c196a03b4506,0e7539d5-d1a0-41d9-9494-d9631c6b5786,app_install,2025-01-25 11:25:06,2025-01-25,
c56add0c-7c8a-468f-a300-8161872a0da9,8885e879-76a3-4052-9ddb-67151120878f,session_completed,2025-01-19 11:42:14,2025-01-19,63eac655-993e-4f60-ad1b-520bde924e2b
7185d1bb-6330-499c-b85b-453ba99473a6,bcbf8eca-baa1-45a4-b6f4-230f0afbe1c6,sign_up,2025-01-23 01:18:01,2025-01-23,
45061d23-ec01-4073-897b-2a00d910e47d,e8ca63d0-cf78-4d8d-91d0-bc48d7c209f4,session_started,2025-02-26 01:48:21,2025-02-26,59eed0c0-9d3c-4f2d-a7c3-804ec78dcaf1
03e02c13-e0fe-4737-8dff-fa6ac2b85450,8ad168df-98ad-4e47-8d31-c4cf6a2362a1,session_completed,2025-01-23 14:09:26,2025-01-23,a3d5ef45-2998-4ade-b49d-003c71747efd
0f20aedc-a771-47d6-9f40-218e2a4f493d,204771f9-abe8-4810-a37b-3c012b18098a,session_completed,2025-02-01 23:07:52,2025-02-01,890ea39c-7db2-4e8c-8ecf-267637c75e06
1715a2d4-d747-47aa-afaf-5a3856b8fef9,232a05bb-b486-4606-831e-871041b45874,app_install,2025-01-10 19:20:44,2025-01-10,
6b4a3186-c681-4c06-99b7-abc7b4589800,ff4bdb68-f916-4bcf-b126-2ebfa705b4db,sign_up,2025-01-10 07:19:29,2025-01-10,
e4859014-f0f3-4aff-a358-fa04f76a9cce,e057d541-0e9b-486b-8443-b223dd91fe22,session_started,2025-01-14 23:39:06,2025-01-14,67cbcf96-fb52-4def-8226-d25e4b89d901
c72f5542-6ea6-4bf6-b4f9-bf933736b55f,d8cc4c1f-9ea7-4397-a8e2-72c79595513f,session_completed,2025-02-05 14:56:36,2025-02-05,f8a3062f-b43b-4b07-be5b-b46ce570a6d3
b07d9f74-dca8-48b8-8816-1a0ed9803fd1,673b8db2-0441-4a66-b9e0-0383686a4fb1,sign_up,2025-01-05 12:51:07,2025-01-05,
55e91e13-5980-4acd-a687-6ef71bb0e6c2,f7e1278f-bca9-4d37-9e01-0ad862be0b11,session_completed,2025-01-22 03:00:18,2025-01-22,7bc60512-0c26-4248-9f8b-532a262b2689
46d8ba84-7ad5-4034-9dfd-552d72e6cbd2,c5ed9348-ed35-4af5-9564-1b032bd6d82e,session_completed,2025-01-03 20:00:29,2025-01-03,94975b0d-8c77-4256-815b-4ba21b9b35af
1441bb8a-5e75-48d5-9f6d-0ba98707bfd6,2eee447d-bb8e-4ac7-b977-f4caf7714fa5,session_completed,2025-02-01 22:48:44,2025-02-01,32e14b71-fb2c-453a-970a-b530a4bd7802
f58e5174-8e48-4413-a7b5-2ae0511a7622,09d1a2e6-6b35-4503-860e-99e95570ef4d,session_completed,2025-01-26 13:03:58,2025-01-26,b844e29d-f27e-4645-9e18-7862393c2b22
3eeb28ac-7d29-46e9-a9b6-8981247d3850,4eac98e1-13cc-45ac-a94d-38a028714378,session_completed,2025-01-26 02:32:53,2025-01-26,cf39f549-4597-4b5b-b7bd-2cdb4d824e43
0f471155-50c3-4fd8-97d9-6d71b963081b,9ab8ec48-7288-47bd-8301-23b1cb0195bb,session_started,2025-02-04 06:41:45,2025-02-04,e2672e4c-f6f4-44d4-96d8-7e3e8f9ef815
6b78a830-198a-4bf4-989a-d7e610b0bf57,0f1394ec-57dc-47d3-9df0-a28038e4a85a,session_completed,2025-02-22 23:32:49,2025-02-22,d95d8a98-a72a-44f7-b06e-a41573e7d4bf
eb6c814d-8a66-4bce-9348-d5c450ca2130,b7431b92-ac7f-4ec3-bfb3-ffd6b8fb28d0,app_install,2025-01-30 09:33:12,2025-01-30,
3f737d27-c2b1-4590-961a-0dcc59784358,a79a280b-7ddd-4067-9948-f16075d73220,session_completed,2025-02-10 20:05:57,2025-02-10,edb0878b-69b6-4955-bf0d-726409ab67ba
1ebfe86b-c5d4-4eb8-b5d3-d22c2c41842f,d9181a06-5902-412d-a656-0329003d655a,session_started,2025-01-30 22:38:08,2025-01-30,4dd86196-db37-4174-8ad6-cec2c9786f3a
88cfa98b-a495-4bae-a665-b59c4103de97,1ac200ee-75c3-410d-909e-8ac2ea1b572e,onboarding_completed,2025-01-19 06:11:08,2025-01-19,
7d5e4760-4612-485c-ad01-7a77fc4c97b8,a68736be-39bc-49f6-ac02-fade8469e0c9,app_install,2025-01-14 02:20:53,2025-01-14,
faeba991-b0ab-4a6b-9e2a-6c95cd842a61,2c14e4ea-a49f-4bcf-a90b-dd0a0c03c9e7,session_started,2025-02-06 04:23:52,2025-02-06,5c5f4913-42e6-4a3c-a227-adbcc4d651f2
ff1b7409-14af-48a8-aa70-f936265884a3,3aa14e90-1c8c-46a2-a331-da36ef807eba,session_completed,2025-01-26 11:41:35,2025-01-26,b707a5e5-afa9-49c5-b8db-b90055341aae
24be5ee2-6d42-415c-b3a3-68014402ec55,458d52c8-b64b-4cf7-85d2-3b22d6f7dfa5,session_completed,2025-01-26 15:48:56,2025-01-26,aeeb5070-8b99-4c21-a1dd-3605bc562a01
039bc3f7-7cf0-4991-8669-b4a46b8c8e80,a6f152fc-5934-446c-81fe-efcd4e419ceb,session_completed,2025-01-25 16:26:54,2025-01-25,578ec027-aa51-4f2a-816a-6461a9f087c2
2c592c25-a8b2-4a53-8e40-b94e0a3402f6,03bd50da-469a-42ea-b963-051bdae4e8d5,app_install,2025-01-08 09:43:18,2025-01-08,
6fc26646-1054-4a6d-880e-e667c266b9b5,fd9039ab-71e9-4147-8f05-9e0cca60036a,app_install,2025-01-09 16:23:15,2025-01-09,
2bce97c0-dc51-4ac1-92e8-e2039da9e714,2c6d15d7-83a9-439e-a0c4-2be4612523bd,session_completed,2025-01-16 03:23:47,2025-01-16,58986054-e04a-482e-9f2d-5886e5006f63
8a53da59-8afe-4f5a-99a6-c0a7a51c0951,68463951-9c9e-4718-8943-274181bc949b,session_completed,2025-01-27 13:21:22,2025-01-27,caf09437-9fb0-47aa-937e-d10a3c6ca044
312124ec-48a4-4318-8a2a-e57efe4e17f9,b4217784-bf88-44c9-962f-1d9a7d164d7d,session_started,2025-02-18 09:47:25,2025-02-18,8cc7dbaf-3ceb-42bb-9794-7264c00eea26
f3b73de9-0051-4781-8153-bba768615d44,f7aac7cc-a6a4-4b05-b5bd-f0a782922cd5,app_install,2025-01-30 06:06:54,2025-01-30,
904006ba-8956-4313-bee3-0961e3ac1615,bd85a393-a855-4434-bad1-70da1bac3ea2,session_started,2025-01-07 01:48:22,2025-01-07,bffa6d33-ff6c-41b8-8ffe-80770b3a4c0f
cb1c21c2-7ff2-473f-a8a0-f0e859071221,0aa6b1da-d0a5-44ed-9a9c-2ba2aaec1045,sign_up,2025-01-25 03:22:12,2025-01-25,
cf879c2b-4f9d-4a56-b453-ad887c068fc3,335fe2ed-c0eb-4d7f-9404-849bce3f10f2,onboarding_completed,2025-01-10 18:01:34,2025-01-10,
ec293025-cfd4-44a4-9b68-828db27fb6b5,ea1005ce-dafb-465e-b7f5-8863f6e124db,session_completed,2025-01-12 11:11:27,2025-01-12,140155ff-4d5e-4985-a9b2-9c602f073b14
aadbf5a6-a218-4db8-ae48-3eb3e8e250de,8189a785-d741-4e19-80c6-6061ead4ce12,sign_up,2025-01-15 11:25:50,2025-01-15,
f269ff13-3162-4167-a071-475d94e09e16,c0fa7e6e-8fdf-4498-ad75-b632fdb41529,session_completed,2025-01-23 08:42:59,2025-01-23,2a9d5916-20ff-4145-ba00-9a76479dc3ad
5cfc876e-ee62-44b9-ac5e-1d631226a4a8,2fe10f4f-3419-4257-b4a3-ef9d4d5a114a,onboarding_completed,2025-01-13 19:37:48,2025-01-13,
a7e54693-f965-415a-83c4-bf4062f35fbc,874e5d95-48d5-4d73-8e1d-ef5ca7a5608f,sign_up,2025-01-09 05:29:01,2025-01-09,
7d554ad4-cd78-41d3-8c77-87aef0aa73ae,1cdd135d-6391-4e85-b45b-2fae5a605c26,session_completed,2025-02-22 16:38:28,2025-02-22,200e6761-fb17-4fbe-ab27-848746999c9c
d9e3db16-42cc-43a0-b32f-3fcaef9417a0,1fb18e2e-d09b-4224-8857-bb1610ab0040,session_completed,2025-01-20 12:30:56,2025-01-20,af77f86b-1010-4afa-afe5-18f49e45e59f
8de9f935-649e-40bf-ae8d-3c4d7cab8a9b,e5253f03-d563-493e-95ff-0319e5f93541,session_completed,2025-02-07 23:21:22,2025-02-07,6fccd98e-6b28-48ef-a019-c8ef783346e7
68c2cb07-ee0d-418b-9bcc-35ff321a9f47,474ba7e8-a9b1-4e05-9665-a6e6ac56371d,session_completed,2025-02-07 19:04:29,2025-02-07,65c37c64-2f88-4c51-b14f-374a35c3c11b
93488115-5dfd-4dd9-9efd-6ac80649ef46,838acf57-1e1d-4ee9-b0ce-6e25f2f9a958,app_install,2025-01-16 15:15:06,2025-01-16,
61e09590-f11f-48fa-b62a-37a66f31130b,f91ff218-dfd3-46e0-8759-42e95530872c,session_started,2025-02-15 12:36:11,2025-02-15,2de90078-bdbb-41b7-ad7b-b5eb5c8f7072
c977e7a1-c63e-4ff9-9e91-87617479653e,99e94c4d-9c38-4faa-8dcd-92d2cb21542b,session_started,2025-02-01 19:04:47,2025-02-01,1895cadf-edd5-431f-830d-53caeb7081db
0dedbc27-384c-4a7a-bfb5-7095fbc57563,d326b3a3-598d-465c-97ce-c0ecfa1c7392,app_install,2025-01-27 19:58:10,2025-01-27,
52d5c6d5-f52a-4769-a87b-cfd1de4e6c83,ed85db95-b187-45f9-bb87-6e8f33dd3a1e,onboarding_completed,2025-01-21 00:09:57,2025-01-21,
df829d29-52a1-4d8b-b2fb-69202195ec9f,e5cf5b95-373e-41c8-a95f-f7cc80f3e52c,onboarding_completed,2025-01-03 22:50:28,2025-01-03,
4f793aef-5993-4665-87c4-9b57b3263fb6,dde804be-fe0d-4253-b67d-6afbbb1194dd,sign_up,2025-01-18 07:43:54,2025-01-18,
56df6a4c-48d4-45fc-a92c-bf6d5ae27265,6499a927-323a-4d4b-932d-1c93772f2bc2,session_started,2025-02-25 13:08:14,2025-02-25,0a7df3b0-cd69-4eb7-bc4b-003dc02b7333
dd5518c6-8066-4d2f-aa02-1fceca8f2228,e5a7e15e-5295-478a-9034-b23c968b7e65,session_started,2025-02-02 13:58:55,2025-02-02,e577814e-9b09-4749-88c6-b03f0f187bc9
ecd7cce3-8217-41c5-8b23-49577d15e8fd,970ef729-f4c0-43eb-88d1-7bc53d912b2c,sign_up,2025-01-19 08:07:57,2025-01-19,
937b16b0-97ac-4348-bc3f-e46fb19e9334,98079a79-9b8c-44c9-9e3b-ddc6b0f3a74f,session_completed,2025-02-07 20:15:05,2025-02-07,d283635f-95f2-4f08-a1ec-aea77ea68405
d1d1b7d1-2b8c-4d33-a6f7-84c9daf68803,15ff0c82-9bbb-4abd-b301-7b442cb5c2c9,sign_up,2025-01-16 06:29:16,2025-01-16,
935874db-d58d-464a-8c96-b222bab0fc90,d58d5135-b8d4-4eeb-bfc5-4567e6094164,session_completed,2025-02-19 22:49:11,2025-02-19,2e4868c8-d131-47ef-9b34-384ce42b8a09
1c3d4edd-7bf9-406c-9919-ab36adaf78e4,9338db7d-a09e-476b-a664-ae6440876320,session_started,2025-03-02 06:02:41,2025-03-02,2443244e-1340-4903-9216-ebb016802d94
9db36b8b-b7de-46e8-9433-38f17c8b7c45,b48c5efd-ccd3-4451-a346-1ae423d669c8,sign_up,2025-01-01 12:30:35,2025-01-01,
7138d257-e7e8-495f-839b-d86cee01f279,c30adf5d-0193-4fbb-a621-c31df8d955e3,session_completed,2025-02-10 02:52:42,2025-02-10,7a4d6088-a0eb-4367-a2bf-f8270edf7033
de7cd5de-06a6-445e-b8cc-2ec4c5a7677f,cc2577d6-1164-402b-86f7-15e2361d4904,session_started,2025-02-04 07:41:19,2025-02-04,51891d50-1acc-4a7a-bba1-0878a3956f52
d55be3aa-ce6e-456b-9397-0df92cf8936d,72ce1b2d-93d8-4b73-a2be-114c8d2ef175,session_completed,2025-01-20 18:08:40,2025-01-20,32b87e89-893e-44e2-bb0e-2276f4d5935c
ebd7b798-3918-4201-8002-7421562cf05d,e29b2686-ab33-4d10-83f6-4f28cf6e0bdd,app_install,2025-01-12 14:41:16,2025-01-12,
8bf72631-7dc7-4b16-84b5-1674e2f96f63,fc5b981f-f48a-4d9c-a213-a658290fa4b1,session_completed,2025-01-22 01:52:34,2025-01-22,ab3b8cbd-6546-484e-afd0-8bc4c7edb81e
a4134811-47d8-406a-a7f8-0df2752882ac,315f5a7a-1ece-434b-b8c5-ad4ecc7081bf,session_started,2025-02-08 14:02:20,2025-02-08,2d5eb947-045e-43be-86a2-a896966b5a83
c47d947a-0501-4d79-ae48-4180eeb05ea4,79ebdbca-8214-4147-984f-51bd2d5c9a15,app_install,2025-01-23 14:55:52,2025-01-23,
f578de54-07c8-4c4c-9217-4b67df56e3f4,6d96db3d-c068-4bde-851e-c8e3afaa65cd,onboarding_completed,2025-01-21 03:34:31,2025-01-21,
aec9c826-3fd5-4239-a234-8ea2f64cf5ca,d247eeb0-74fa-4a85-9cbe-a207b25e3aa1,sign_up,2025-01-05 07:02:50,2025-01-05,
4195911c-dc91-4151-9f0c-b5bc3c535733,7a1ac42e-4d76-426c-99d6-c133f430484c,session_started,2025-01-31 05:47:51,2025-01-31,5c259d6a-2cf6-4394-a564-4bc1483a0f1f
5e0c84d4-3059-433a-b8a9-6f4101061f56,5610e625-a91e-47dc-859c-e15ef2927972,session_started,2025-02-04 02:37:00,2025-02-04,aaa330f2-9f0e-41bc-8308-9e79d2d4a309
a1188259-4dc5-4ac8-b96e-ee3b9e7e45d7,8f366ac8-ea33-4470-a309-9b971aedf489,session_completed,2025-02-12 06:55:45,2025-02-12,ff3284e2-3e3a-462c-930b-ba77387d700b
3cdbc1d6-2fff-4109-8398-1a0d77e0caf7,6d96db3d-c068-4bde-851e-c8e3afaa65cd,sign_up,2025-01-21 03:22:31,2025-01-21,
ac1f9a1f-b77b-453f-9b54-9c177fd2cc7b,6265b592-5fc3-495d-aab5-5f48b0427c48,session_started,2025-02-15 17:22:46,2025-02-15,82759513-21ce-4b90-8931-a399f09c50b3
ae77f3a2-b6df-4da7-ac0b-ac8a9d15ad08,99fff840-18d4-44c3-9293-1f5411ec1bcd,session_completed,2025-01-29 01:36:28,2025-01-29,e2fe0109-bc5f-4c6c-8605-0bd715512fac
c1f4a230-c59a-4b7f-96b7-0c6885889088,a4e5a9b4-b57c-4ea5-b202-59949f58c2d9,app_install,2025-01-19 20:01:56,2025-01-19,
cfa86ee4-d727-4b45-a707-ab6916ca52a7,15f888ee-186b-44f7-acc9-4a47a33987d4,session_started,2025-02-16 03:54:53,2025-02-16,5eed1fe1-d6d9-4f47-b553-ccb8806baeaf
f82254bd-b4f7-4c91-b849-9c66f55f846c,6e5d1d9e-2aed-4ef8-9e35-af3891457a2e,session_completed,2025-02-11 06:00:19,2025-02-11,6d2f5543-8a4c-410a-9daa-8cdaa9c16f99
aee137c0-e539-4323-8dec-cc3ff1dbee43,b2bc2986-59b6-4dbd-8980-900ab762014b,session_completed,2025-02-16 21:34:08,2025-02-16,acfe3305-74b5-49a5-a824-4dd57454d681
33427fc0-6a45-49e9-8cff-f457e72448cd,8d349078-7ed5-4b63-83e1-3c423af963a8,app_install,2025-01-01 07:53:47,2025-01-01,
f81ce63d-ef1a-462e-826b-8467150e4f96,3054b624-e589-451b-bd52-50998bf494a9,sign_up,2025-01-22 11:38:07,2025-01-22,
80134e36-ae3f-41fa-a4a2-7a9452f1f901,46a93d0e-fe80-4b98-83c2-00ff15c36610,session_started,2025-01-31 06:09:33,2025-01-31,f0655deb-9424-4ecf-973f-9eaeab555a4f
4b121185-550a-4510-8d47-ccdf950b7dd8,53ae9838-0ea3-484b-a4ba-bcb8b0eb2d41,app_install,2025-01-16 03:25:43,2025-01-16,
c86ce292-6c24-49bc-8978-2d6fefcfa6ee,6188037f-c4d8-486e-8fdf-7c40e42bb579,session_completed,2025-01-21 00:12:11,2025-01-21,3d06da53-e826-4452-939b-1ec3b7b91ff1
a90b5331-5a16-44ad-93a7-fb51fa082dd2,7f14c8da-26c1-426e-bb9f-c13b3d99e4f1,session_completed,2025-02-05 02:04:36,2025-02-05,6ee540f0-0d00-45d8-9bd4-91a74607aedf
d47e75a0-70c7-4c4d-abb9-ccb635598282,ec379147-2271-458a-8b71-b0bb907755ca,sign_up,2025-01-17 15:11:56,2025-01-17,
66295296-4ca1-4933-b0fa-d3d21a3c568a,cb1c2d08-8beb-4b83-8690-8a02c29bbda8,app_install,2025-01-11 21:54:14,2025-01-11,
f2691db4-4cdb-4dbd-bb94-8effdb272bd2,f3669377-d15b-45a4-8381-42800c8f0f33,session_started,2025-02-02 18:31:49,2025-02-02,1b2a8f4c-2420-4fa3-8780-b1899abf8222
7f8806a0-aacd-4177-9296-e25a06e036df,4fe55de1-afd6-4ea8-aee7-e309fb6138a0,app_install,2025-01-10 08:34:50,2025-01-10,
7f5a118c-52bb-41b4-9593-5e4c73bc35a1,e343bd04-e53c-4470-8569-f28d26b958bf,app_install,2025-01-17 21:14:06,2025-01-17,
07efc872-a5e9-4e84-9f52-c4243acffd14,12c457b1-71b9-4ce1-84d3-eeb9316d2c0a,session_started,2025-01-19 23:31:30,2025-01-19,ab3b9bc5-ea68-4c11-9896-0de3f7974409
a1adf597-3ec4-47ea-9937-fcb9e1c3130a,49ad6299-e347-4d1e-b109-f241500b27f6,session_started,2025-01-27 06:16:54,2025-01-27,037caf2c-5e35-49cf-857c-4831b78c4298
a4a7ade3-779a-40fb-97c9-c6252c29a69b,dd5eba28-644e-420a-ac02-78414941e5cb,sign_up,2025-01-27 22:49:41,2025-01-27,
2bad5b80-cfa0-4976-a9d7-39aa8b21af45,143283c5-8165-47cc-ace5-27633065da4c,session_completed,2025-01-27 16:32:52,2025-01-27,b3a404c7-c61e-4e4a-94fa-9b2af1d5457d
62de75e7-dcb6-4a05-a454-2cc600e23a34,8a72c870-ca9e-47fa-8160-d373dab8a3ba,session_completed,2025-02-05 08:17:43,2025-02-05,e0bf6380-ab28-4a49-b961-1f362903a06b
fb664360-3967-4899-bb30-b54ba2eb5ab0,93f10def-208d-47de-a67c-7a995e137360,onboarding_completed,2025-01-04 04:07:53,2025-01-04,
9e2a42b8-3f8d-4672-b165-50276e6b1284,a0526390-2de3-4a2b-8f78-001d5b5223b7,session_completed,2025-01-20 10:02:08,2025-01-20,577d614b-39ff-42f3-ae52-374abea77bd6
625e8fb5-3fd3-49ee-85d7-7fb7bc506767,ca035ad0-b853-44f1-b7c5-ce7850638855,sign_up,2025-01-09 01:58:15,2025-01-09,
6478a45a-1ec6-4684-8f30-224f5db6f2bc,4caa09ae-399c-485d-b737-63e2825003e2,session_started,2025-02-16 10:43:52,2025-02-16,2caa9f0d-bd54-4a1b-831c-c868d6da181c
dc09500d-8eeb-4313-b932-ab950ee423be,cc2577d6-1164-402b-86f7-15e2361d4904,session_started,2025-02-03 06:58:56,2025-02-03,c96e047a-f006-4980-b7fa-d25f523915ea
2e04693b-0a9e-41ff-9ba2-50077bee0b3d,9141743f-aba8-4cd9-b535-fc65564938f8,app_install,2025-01-30 13:30:26,2025-01-30,
e07c2eac-ce18-4ad2-85f1-a9da58e639bd,4cff7d52-d36d-4293-a48f-cef3e2bc8f7c,session_completed,2025-02-18 07:50:23,2025-02-18,ee2c50d2-c822-45d4-9a73-06469a4388bf
48f803bb-34d4-4490-958f-703af48485c8,067c0c6b-2bbc-4f1f-8757-711abca9b7ca,app_install,2025-01-06 22:17:31,2025-01-06,
51bb8ac7-2bd8-4424-84ed-a5d53f26a783,19bbf217-80df-477b-9ed1-099f15c28a55,app_install,2025-01-09 07:34:45,2025-01-09,
4dcad6b2-d535-4b59-9954-b0c5f4a9a2f7,ab6fda95-e892-4fc1-9196-4f04303ade18,session_started,2025-02-03 16:02:21,2025-02-03,3b508ed7-0669-4ca4-ba21-3c55e5c81952
17476698-a7d0-4a31-a1e7-3cbc30ec9987,6c47e748-76d9-4fa0-a830-ca706bb94cca,app_install,2025-01-01 15:12:33,2025-01-01,
c03e9942-3bb9-4e33-ab0a-c64cb097bd21,431cc1cc-05c1-418b-a34d-3c0e6ee07a0c,onboarding_completed,2025-01-01 06:51:59,2025-01-01,
263cad55-9d9a-425f-b0cd-1ad362e233e3,abd8b6fb-1a50-447a-9b25-ba315b795285,app_install,2025-01-17 15:06:46,2025-01-17,
e9230682-d104-4435-bf4d-1b9ca8030a82,f60ce8df-031a-41ef-b74b-2e92d473a304,session_completed,2025-01-26 12:54:54,2025-01-26,18b9e107-a078-47ca-a884-1de632b625c4
565c0bc4-bd79-4d7c-bb3d-ef77c78d2e75,0fee554d-5854-4906-b364-c781651ca24c,session_completed,2025-02-02 11:35:21,2025-02-02,6ea8bfe9-f7b3-4634-b708-e3b7c3f68085
ed8f987f-92f7-47d0-9b7f-ead19eae81a7,853991e7-5c4f-400c-9025-1ede47f1d2d0,subscription_started,2025-02-02 15:57:29,2025-02-02,
2f1ef8c6-dfcb-47e7-89cb-bd1dc67e674d,29cce7fa-e1c0-48af-9c0e-42f81291ad0e,sign_up,2025-01-14 23:07:23,2025-01-14,
fc2efe74-8029-457a-88a1-102b6243e5c1,6153bae9-746b-4adc-8832-22667bb84688,session_started,2025-02-01 04:36:38,2025-02-01,806ddb75-e825-4cf6-ab18-12c130c9fbe9
f2a577c1-794f-46bd-aeb0-a780b3c73100,262e2a5e-e90f-46e8-a73b-e5af3e4db55e,sign_up,2025-01-19 02:33:06,2025-01-19,
d82be336-f308-4244-9879-bbff9ddc78d6,9ddfe2ab-f85f-4a43-98b6-c243d3415aaf,session_started,2025-01-15 08:31:27,2025-01-15,9c5a8a24-33a5-4e91-882c-f5a57167d373
273b4a4e-8e65-4de2-abfd-5329dff9bade,e04399b2-6616-4e64-9bc2-900a311c7830,session_started,2025-02-05 16:37:47,2025-02-05,04e45b9d-e7fc-4907-adb5-9c8d4f1847c7
c0480f39-ee08-4013-9545-65829b000d9c,00ee6b54-8a76-414d-acb2-e66cbb297987,sign_up,2025-01-23 17:17:01,2025-01-23,
e3aee109-3629-4123-95b9-1bcfc2589a85,a16367dd-0a7d-44a0-9626-a0a9c0298b58,session_started,2025-01-17 20:02:24,2025-01-17,1335d4bb-cdd8-4b1e-a59b-ff8fd853b288
4a3158af-8abc-4bae-a882-0ef089c25fab,54adbc92-1a8c-441b-a9ce-b4daf4686344,app_install,2025-01-28 14:31:58,2025-01-28,
e3143db9-bd35-4185-af80-6d091b804780,0a2523a2-4d1f-4088-ad24-0f82e9caf924,session_completed,2025-02-10 10:34:30,2025-02-10,78dda9e4-8e08-429f-8cde-bd988f662e09
54c9e207-1d07-4eb5-9677-ac4400f4b2d6,4dd5ed43-75bf-464e-9e48-b9acb73492e5,session_started,2025-01-16 03:55:44,2025-01-16,1ce9010a-647e-4f83-adf6-08c9c3e7f925
6b7c8540-853d-4acb-a5ee-2ecdb7a543af,3dcd0b60-c80d-4a4b-b461-695cc9c7f553,sign_up,2025-01-25 04:22:09,2025-01-25,
f929322e-628b-40b0-a9ba-bb00e79cf6b8,bceaa477-5881-4035-b0e7-37fe5c17d610,app_install,2025-01-26 10:42:41,2025-01-26,
0843072e-4475-4e54-8f94-52dc7f72be15,fba624d8-98d4-4e98-8a93-23de1c19483f,session_started,2025-01-04 03:36:20,2025-01-04,2fd1af4d-7186-4918-97e0-70d5430b38d9
64c2f582-ea35-4723-b296-a6c8a4af13d1,3d40f800-31dc-49d3-a445-bedb4b82d7fd,sign_up,2025-01-31 21:12:40,2025-01-31,
12e69912-4ee3-4fab-9216-562d7561c369,9a9e6c04-41e5-4fc0-81b6-9771f3deb209,session_started,2025-02-08 03:23:44,2025-02-08,b07b2433-934b-47fa-9e1e-c9c6a010bca1
3cc8c47a-50e3-4269-86fd-bb440510600d,1e667163-1a0c-4e23-8878-54aba0fd73d0,session_started,2025-02-08 10:01:10,2025-02-08,167475fd-30fe-4fe9-b43c-5b8756a6c68d
9dec91c9-11a5-4cc5-91c6-1bfa1f487729,4ab11be9-3959-4a82-9738-802133c3614a,session_completed,2025-02-08 02:59:19,2025-02-08,a5aabfe8-b913-4ebd-b000-957d7b2d2ba1
62dcf8df-945c-4404-b58a-70e689c9e56b,b1f56b9b-7d11-44f9-8763-ed485f0677bb,session_started,2025-01-25 05:41:34,2025-01-25,ed78f8b6-d573-406b-8c6e-bbc529afc0f4
a337cf9e-5e21-4204-ad5f-b15040e02edc,9ddfe2ab-f85f-4a43-98b6-c243d3415aaf,session_started,2025-02-02 11:54:38,2025-02-02,3c95d4c9-3372-47a8-82cb-1c23083d5751
6cfc5cf2-bbff-4aae-8d85-4ea93edc7876,23cd75ba-6902-4535-9548-b8d25530c073,session_completed,2025-01-28 12:26:21,2025-01-28,b65cbe68-691d-4894-9032-a436b6ff0843
b201925f-5697-46d8-a16a-7fecffe68bcf,adc0b83e-90b8-47b8-9412-56212570bc91,session_completed,2025-02-16 20:40:06,2025-02-16,bc3c1c01-634d-4b1b-b18f-abb0f2893155
fdcee12d-48b7-4769-bf95-8c349eaccbdf,6188037f-c4d8-486e-8fdf-7c40e42bb579,session_started,2025-01-13 18:44:15,2025-01-13,6bc2f3bb-afe5-4656-98ae-a364be851350
caea3391-ca4f-4740-99ec-db7779c73331,b68faa34-6599-42de-80e3-36945e172747,session_completed,2025-02-21 12:18:39,2025-02-21,2cb9e53e-f45b-4fd6-a3c2-9657584848b1
1de0b38c-b76f-45e6-ae16-9cd49cefe24c,a10a808e-bf43-4620-acf4-d1d16ae5a4dc,sign_up,2025-01-08 02:09:35,2025-01-08,
f319161e-71f5-4079-b04c-d42f50bba62a,5e8e8d5f-6b27-407d-9955-cbfd2db799d5,sign_up,2025-01-19 01:55:11,2025-01-19,
7a147a1c-fb8d-4571-b885-c91f2c2c371e,0b73993d-e04c-4c0e-be75-0f29b04fb5fe,session_completed,2025-01-31 14:30:36,2025-01-31,24e4af1c-8e17-467e-9f79-6f3216758211
1832abfc-7fbf-42d5-a11f-841137e715fa,888b352c-d414-49e8-a6a5-150f2152afc1,sign_up,2025-01-30 14:47:01,2025-01-30,
533e63bf-ef81-4dd5-a649-22064c616972,7966c610-c67e-4d4a-90ec-1fff5e41ff6d,sign_up,2025-01-10 10:02:42,2025-01-10,
c40e6387-e859-475f-b800-ae7da1429f43,0f032e18-ac9b-4174-9911-e4d9699e1849,app_install,2025-01-23 23:38:01,2025-01-23,
97525752-dfd5-4669-9ff0-65f5cb11f742,f8e9971e-dd31-4b96-8a51-7680be3fdd4a,session_started,2025-02-04 22:50:10,2025-02-04,4807282d-73fc-4a27-b5cc-8bdcfbace42c
9aab8d80-85aa-4d88-8749-a4faac821335,b9382202-c7d3-4ffa-81f3-f87bc46c08f7,session_completed,2025-01-28 17:59:22,2025-01-28,216b42f5-6544-48ce-a4a9-136471a398ae
85f5fbea-1219-4e34-900b-8aadc0b9d8b2,33488267-6331-4c33-9836-6fd1fd0c306f,session_completed,2025-02-27 05:42:46,2025-02-27,c1f1f02a-c8d1-471d-97e8-874208c57752
bcaf2fe3-db5f-479e-82cf-127da9069c9b,036b6b5f-b80a-45bf-a181-8ac87df3e1b3,sign_up,2025-01-13 13:21:30,2025-01-13,
ba51f086-b086-4bef-b54f-aa399e102958,b0afc659-a59d-4a6b-a5de-1636be2140f1,app_install,2025-01-27 22:28:13,2025-01-27,
d1cbd77f-b85a-4843-a4a8-c143357b21f2,2815380a-2061-4b26-ae25-166843d49987,sign_up,2025-01-26 01:46:15,2025-01-26,
47090197-0ab8-463b-89f3-afddff14aac5,b462bf0d-6c6e-4751-8287-1f9afffbdbb5,session_completed,2025-02-18 17:47:26,2025-02-18,fdbb3e72-0366-46fe-8b46-76d788da7ee5
8bc5153c-4d85-4b3c-8c56-4283bd60520b,e9a87cb8-4a76-47f9-b430-c977cab89b1c,session_started,2025-01-26 09:10:58,2025-01-26,d68efef1-1c9b-4ebe-b753-1a5d2ebd4f33
4c76abb6-2414-4f24-ac67-3b38b48a3a80,a3129be4-c349-4400-8f90-bb55756bbe6d,app_install,2025-01-31 10:03:35,2025-01-31,
1c1da469-693a-4dad-8bea-93ccd12c84e7,93b0478f-30ed-404c-9219-441910546f69,session_completed,2025-01-25 03:16:41,2025-01-25,2ef59f95-2904-4f0e-96e1-81b172092772
a6adc88a-428b-4983-873f-6c4fd106937f,c46be244-42f5-42f0-ad57-10a37a8857b5,onboarding_completed,2025-01-02 13:52:22,2025-01-02,
e9faf5ee-3afe-4f5d-a615-90065e445a26,30613329-a1a7-4931-a306-2350b2992ce6,app_install,2025-01-15 22:24:20,2025-01-15,
d488b32c-c993-4713-bcec-e1ab5607c31f,6d4929fc-4917-43bc-aada-4a0bde1984a5,session_started,2025-02-20 22:04:01,2025-02-20,f5cc7a05-ab74-44d8-9992-e4e9d60cb905
3e48a00e-98e4-4d0c-a7be-7c5d0bdcbc53,1a2af370-d3d7-4971-9711-430a0abf0da9,sign_up,2025-01-09 19:21:10,2025-01-09,
58611299-2ce4-45d6-a79b-3c949ac0bf85,1b0f4c1c-9ef3-4594-965e-952202177bb4,session_completed,2025-01-09 09:47:57,2025-01-09,b7206a25-2f48-4505-b59c-4df4cd4d4ecf
92fe6c39-789a-4890-8030-c63f84a1850b,3528735f-654f-4399-a69d-5b347d687324,session_completed,2025-01-21 20:28:44,2025-01-21,7d6fe9bc-3f2b-449e-a54b-9c2b5c5f74b1
7b7923d8-84c1-4893-9420-94af36553078,b231e376-c0ec-435b-a101-f2b7aae58f1b,session_completed,2025-01-17 08:41:44,2025-01-17,a105d7e1-6a33-4c85-9fa7-1fb5e73ebc74
87cab944-26f9-43a6-a793-53fb14f8c97f,0b99f699-abec-482f-adeb-2675e1eccb72,sign_up,2025-01-03 20:38:22,2025-01-03,
1dacf140-f3b4-4c6b-912d-ff49d7c6d953,803afea2-9b02-4d30-8efa-243ce7c73c30,sign_up,2025-01-18 22:41:57,2025-01-18,
7e117be0-2d35-4737-80e5-daa01c97253a,37d71977-9344-47fb-a567-5510f5a8d395,session_started,2025-02-05 01:27:18,2025-02-05,cd0d90a2-a96c-4d2d-9d59-8cd95ea20893
492e7a2d-ef89-42a7-9739-ca1c57f4ae84,e229306f-eae8-44df-9662-1f0f6f598b79,subscription_started,2025-01-28 12:02:51,2025-01-28,
1e86798b-3394-4e3a-ad32-a1a118d42a6c,003d614f-0c71-4cad-a4f3-4726805c8fc0,app_install,2025-01-13 15:01:24,2025-01-13,
b2677823-d9c0-4c1b-8eb0-fbe967f60685,2f6f20b1-c2fc-46f3-9f2a-d0e803753120,session_completed,2025-01-31 07:01:52,2025-01-31,a5c7914b-ee23-42b2-a4a2-3c1fe70bc5d8
64184239-ae7b-4f92-9075-99127550a2e4,932c54b5-6a87-4ee4-8674-b20aeb4f8d34,app_install,2025-01-03 14:59:43,2025-01-03,
92074cfb-a651-4375-91e9-87fa2f1d938a,64e53416-6b3f-44b3-8b85-48e475ac57de,session_started,2025-01-19 09:50:33,2025-01-19,477d1fa3-c90e-410d-bf82-4de4760f6598
d384931b-5827-41de-a3ca-0e01c1e10b3b,9747f26b-eea6-4145-826d-c20e434b3cae,session_completed,2025-01-30 13:08:41,2025-01-30,7817c0eb-f7fb-42ed-a1c6-1a7873cb751a
a10b8611-2b19-4985-b4c8-60d3d598ae53,6d037413-d7ee-4e2f-8850-ca1f47a1b3b7,sign_up,2025-01-27 10:12:49,2025-01-27,
5867041d-f669-44d2-ab5c-37749bb65fb7,3f8fa6b2-4806-42ee-acde-79c72f349b92,session_started,2025-01-26 09:16:10,2025-01-26,9fce1acf-42aa-495b-a469-da601788ff87
ceb67c91-2b52-4cc9-b723-9de7ce488738,91a98fa4-cb4c-4721-bb3c-c43d17cfa221,sign_up,2025-01-13 15:49:25,2025-01-13,
81ad7e3e-62ac-4a59-936e-0df63ca9b591,b9f191a8-b518-4c3e-9e85-7403f227cb43,sign_up,2025-01-19 09:32:08,2025-01-19,
600a57f3-8460-47d5-97d6-3abd394e74fa,ccbf5d7c-1e4d-4f7d-a06e-fb664e68238c,session_completed,2025-01-24 06:08:13,2025-01-24,eeb3bbb7-b0fd-4d7a-bac9-ca8b300fb2c5
58d9f754-fea8-4cb5-9a35-8c712a9f380a,a63a7a48-b9fe-4120-93c9-431da448cf21,session_started,2025-01-23 05:14:13,2025-01-23,7ac7c12a-2f91-46aa-beb6-81ece62b6a0f
22428580-4963-4641-9a2f-9b04f56752d4,0f3565d4-394a-409a-8021-0c01a14307b9,app_install,2025-01-13 09:29:29,2025-01-13,
a6731c21-78ce-4396-80f7-917c991f0ab9,4c7e266f-9f2f-4337-b8bf-d3aeac828288,session_completed,2025-02-19 04:51:45,2025-02-19,2be97f2e-f2cd-40d1-884c-5ee405f17ea2
abc4b733-7e79-493d-81b5-939c0a61b869,c5c4eff7-f8a4-4716-ac6f-6acba1b144e1,app_install,2025-01-10 04:34:35,2025-01-10,
6cbf1f78-9dbb-4663-ab1a-75d3e0ff2d11,0a14a2db-a9ce-4bbd-9663-d996e06be741,app_install,2025-01-02 18:58:50,2025-01-02,
54197dd6-a095-42d8-8fb5-f31ef4914661,5624cdc2-be19-4a95-947d-41932a575755,session_completed,2025-01-18 17:28:28,2025-01-18,a20049d4-9233-493a-b51d-903b2054256a
34bad516-7f29-441f-a5d9-0c2bad82159a,df4a61f7-97c5-4b35-82de-6aed197c4b54,onboarding_completed,2025-01-01 12:03:36,2025-01-01,
3d323c34-f74c-401f-bdbc-65d45897bcbe,d529cf6f-cb39-4f18-990e-ae4288eb9cc9,app_install,2025-01-27 08:41:13,2025-01-27,
fece350c-f7ad-4679-909c-984836fe7008,3f6b2502-64b0-46d2-a54b-4eddc4b193e8,session_completed,2025-01-21 16:36:14,2025-01-21,6cec2cee-faf3-4afe-b982-6e9b60a138f9
9e1ab077-9edc-4be1-bd82-d2d1dd7b5430,2458dae7-c6f6-44db-a95b-4d666b372ae5,session_completed,2025-01-30 14:55:33,2025-01-30,7d74dcb0-1576-430e-9fad-efe359326ab0
56986cfe-9e5a-44d0-bedf-3328c03ce28f,7314ee1c-daa3-4160-b3d3-708f17149201,app_install,2025-01-29 12:00:45,2025-01-29,
ab6579a1-5a4a-4847-bd4b-ba6c0bfbefff,8ba1ac2f-b143-41f9-b102-420459296510,sign_up,2025-01-11 00:51:32,2025-01-11,
ab911d85-4596-41ee-8a72-a25253ecf7bf,3c695896-1dc4-4776-9e32-f944629c0d3d,subscription_started,2025-01-18 15:58:41,2025-01-18,
470eb7fe-5e7e-4b83-b538-0c272d76f66b,dc41e750-7edd-4c3e-b025-26ce2f1bc223,session_started,2025-02-10 10:28:17,2025-02-10,ec0bc4f9-a18f-410c-a966-ed5b532ff893
b771aee7-d1b8-49a7-938e-63a9b8ac94bd,64d5a5c8-80ec-47d0-b3c8-af451cb64812,session_completed,2025-02-02 21:03:07,2025-02-02,1f77a52a-e00a-42a5-b63b-b14ea5f6ea87
fca7e575-ce28-49f8-86db-ba9df9ac3ad1,e239cdd4-f0c6-4592-9b0a-bd0e766f32ce,app_install,2025-01-13 23:21:20,2025-01-13,
a798d6ab-4188-4f28-bffa-0546622027de,55718c1d-db73-4579-9872-144809a89f5b,session_completed,2025-02-17 23:24:50,2025-02-17,3b3e7f9e-565f-4008-9643-2e1c17fe990d
6445b133-b768-45d6-af54-113eedacf860,b081d238-f927-407c-b110-3a8dd73d0c03,session_completed,2025-02-09 12:19:27,2025-02-09,a0b77a4c-cde4-48ca-b0db-0c7a2f55681d
ceb84e27-1fbd-4f41-80b6-ebf6e8e97f4b,a6421ecc-d8f7-460e-879b-6ede139bcf28,session_completed,2025-01-13 15:46:03,2025-01-13,f26cc686-850b-456e-8ffb-d3e34ab310ef
edcf3137-f5b3-4a96-b3d0-06892625232e,849d41c8-90d6-421d-b2a9-8a2f449637aa,session_completed,2025-02-25 22:19:28,2025-02-25,5b90a58c-0064-4674-a133-a98ac5623951
9e225108-9c5a-4a1b-9fc8-540adb0600ae,5bc35ae2-d622-448f-be3e-8cce76f0f9f8,sign_up,2025-01-27 12:19:47,2025-01-27,
96ec211c-51db-4056-8c63-181748c00a2a,eff4e800-5142-4651-9781-5464a92a91ab,app_install,2025-01-22 03:15:42,2025-01-22,
5e5e3106-a044-445d-af1a-dc44f0faed3e,8b7d370d-6039-49ca-8139-92be7ed97076,session_completed,2025-01-22 19:16:57,2025-01-22,8a2a5184-e90b-4c93-80f1-090b86045f77
d43dcac9-0450-4ce1-8e87-bc8e054ac696,e4eb3ad9-9285-4ed0-9285-8329fcac0552,app_install,2025-01-24 15:18:49,2025-01-24,
723d4047-7886-406b-8faf-f49468676725,140425d1-c659-46d3-a1ea-712d1a91cb9e,session_completed,2025-02-10 15:30:53,2025-02-10,a581784b-2598-45ac-b6c3-17f440928450
b973f3ea-74df-4111-bc52-25dd339ce90a,d8a0da32-4e39-42fd-85b7-51b89bab62b8,app_install,2025-01-13 13:29:04,2025-01-13,
c6316ed8-486a-437d-b8b8-e48cc167162a,a7d97fb1-6b5e-4ab2-9241-59a65967bf6e,session_completed,2025-02-11 21:19:58,2025-02-11,b369900a-f067-43b0-b397-f91c163aadc6
763e66a6-7e2d-424a-85d1-9bd30e36dbd0,fad5a13f-03f7-446f-9e70-a14bb7720f9f,sign_up,2025-01-17 09:35:33,2025-01-17,
fa79b379-79ba-418b-8e06-e7b0806cf90e,dff31d21-4bc2-4378-b2e3-d3e9d45a9a70,session_completed,2025-01-10 02:17:59,2025-01-10,e36e39dd-de76-4902-8c3b-83988db2dcf7
4d3bdaa7-0f48-41e8-a1c1-6b09e31601d6,c729c126-22df-4ae9-be05-1a35b1b0a2f9,sign_up,2025-01-26 19:45:35,2025-01-26,
5a0854a1-3563-4ba5-86c7-e19d4803845d,0f5a1a60-a7ca-48c4-ad8b-d6e0a88fc28d,session_started,2025-02-19 04:46:14,2025-02-19,a414e74e-50d2-4336-a7a3-80a564ab6668
32886c22-f7d7-4091-91f8-f864de0907bb,4d4e2faa-a7fc-4027-acef-be95b93a57fd,session_started,2025-02-07 23:55:29,2025-02-07,91243f53-1d1f-4b50-8453-8b9c6eab28e7
a1e2646a-7477-4a72-b34b-134ac6f36ff9,00f573d4-b35a-4e98-be56-cf0f8bfb97e4,session_started,2025-02-12 07:55:48,2025-02-12,9ed52751-fbac-4d7c-9849-87ba62bce7ea
81c5828c-22ba-4504-9699-679bd30f63f6,7ce047df-9a3b-4116-aafe-6d23d3c83a76,subscription_started,2025-01-29 23:42:15,2025-01-29,
24586d38-2142-433f-992c-4c11952a10cf,49823432-60d9-4000-989c-c25021f611c7,session_started,2025-02-08 11:27:53,2025-02-08,885c1643-fa96-4a7b-b601-d5112b8623a3
24000442-b078-4657-b965-6a32102df74e,3cb741a7-ee62-4e1b-89b7-36f3a37ab019,sign_up,2025-01-17 11:00:22,2025-01-17,
928e1fca-803c-4182-8a5e-ad5f3026de72,5bef8f66-85b3-48c5-a59e-ebbcf8877e4a,onboarding_completed,2025-01-21 04:42:14,2025-01-21,
cebb8d4c-0b85-43b1-85ca-f95ee3e38587,051831e0-0e65-4948-a1a5-8746d6dce530,session_completed,2025-02-13 23:17:36,2025-02-13,c32d058f-629b-456c-87af-d4740fb81ec6
6f7d9a43-9778-484e-8ffd-83f7744f071e,aca50bff-4f21-4687-9fd1-0f9b29e0a3fb,app_install,2025-01-22 12:33:37,2025-01-22,
28172fb3-bb1a-4210-9e7c-c2e51bfcfc40,5bef8f66-85b3-48c5-a59e-ebbcf8877e4a,session_completed,2025-02-03 23:01:17,2025-02-03,c0746439-8b8d-4099-a873-7cea8643d023
d3977e02-c893-43e2-950c-b26342ce0da3,46f8e893-ff79-4bac-a154-2378074064b4,app_install,2025-01-17 10:34:52,2025-01-17,
1b27ca36-83dc-4eaa-a837-821f709c57fc,665b39ef-e99f-445f-93c3-87e29b075bc6,session_started,2025-02-18 10:59:59,2025-02-18,6185aa38-9ace-4e32-9a97-3ededa50e1be
fd01e193-8d4d-4c34-8e2e-c40e5bfcf61c,35a2a448-c04f-4760-bc67-0b00cbeabd9f,app_install,2025-01-21 06:42:22,2025-01-21,
acb9df63-f4ec-48a3-8eef-023c59671143,96957c8b-1dce-40c8-b33b-d44b879ae3be,session_completed,2025-01-30 17:28:31,2025-01-30,6a50e46b-90ff-49e1-8e6e-0c7e36cd737a
e29f7092-2249-4c2d-974b-3fd13d390c5a,eb3031f6-9f33-45a8-a049-c93c8c444c4c,session_completed,2025-01-23 07:26:53,2025-01-23,ee542da9-0e1e-4bd8-b0e2-4b0a58087287
28e735b3-786d-46b0-9a10-687acdc1271f,3ab92fdd-cbc2-49a5-b875-3960bb0c5114,session_started,2025-01-09 23:13:16,2025-01-09,1e864ec1-9fdb-415d-9ee9-544abec06228
3e60b065-baf0-4ade-8856-211ad6d1b8d2,d24b5202-aa50-4e7e-96a1-e4ac5f2f0a2c,session_started,2025-01-23 02:53:25,2025-01-23,26c27a0b-c731-4407-98cd-d374c7dc7c0f
8a2352e2-bc64-4c78-99b9-64d72676ef65,54875269-7435-4ce0-ae83-34f09021dec2,app_install,2025-01-25 13:28:05,2025-01-25,
b7ee7fe8-cb42-4f40-8bcc-ab9d74e33237,1b06be2b-aab4-4eac-977c-1aeaab559053,session_started,2025-02-22 16:31:50,2025-02-22,98690203-68b7-4106-ae3f-48986398ed05
d3ccbd13-ee62-4701-8c67-f45c7a3927a1,da5aa895-86a4-49e8-b3c0-ca8568bbb16d,session_started,2025-01-30 00:52:11,2025-01-30,4caa7522-9b70-4e3f-9ebc-109c3e2f253f
771fe091-b9c1-4d50-a785-17d24182d386,075a64e4-5400-4bb2-80bf-e1986b54d1ee,sign_up,2025-01-30 17:22:38,2025-01-30,
ebc1d2fd-55d5-4adb-a10e-89dc7a725e20,729966d2-162d-4b85-b767-fe4b988d2980,sign_up,2025-01-05 15:39:14,2025-01-05,
00e50350-6f0f-4481-8411-d9d7a741f09d,55c5b320-f80f-4575-80cb-ed7cc38bcdf2,session_completed,2025-02-06 06:52:24,2025-02-06,b1abb5b4-e0ec-42a0-a5dc-29ff10a6201b
882d818b-4674-41d0-9844-c47ed29f16e1,a940eb9c-4565-4f6c-96e7-6099594b6f5e,onboarding_completed,2025-01-19 02:13:10,2025-01-19,
97bd8b4c-eda6-49e2-9632-4c4c62dac61d,fe8b5be3-8f98-4d2b-88b4-6694330d387a,sign_up,2025-01-11 18:05:46,2025-01-11,
1cf669d3-285f-4584-84ed-c6849223a841,136f8c71-e952-477b-886b-2a39f366d868,sign_up,2025-01-25 22:01:20,2025-01-25,
89b329fe-1d0f-4b07-b044-c9d8ccfcce59,5b360a8e-2b5a-44a1-88d4-23627b42a658,onboarding_completed,2025-01-31 14:29:57,2025-01-31,
e6409626-56b7-4f14-8d9a-808ab9d41816,d98f6a90-290f-4668-a03e-aafb5da1720e,onboarding_completed,2025-01-25 21:26:03,2025-01-25,
9a334b0a-5ec9-48e7-80a1-8eded537127b,14bac42b-1e5b-41e4-8c85-48a30bb703f9,session_started,2025-02-17 03:23:12,2025-02-17,59b53ae4-ef30-4c34-829c-f9d0131f1b68
2a7e8c46-cc7e-447d-b13a-5d3576273c46,70aa8c59-01b2-4975-822b-2684a12b4295,session_completed,2025-02-05 08:33:11,2025-02-05,fb180614-5e3d-459a-bae4-c327c2ac33bb
bd15a396-8c34-4bcc-9f63-387074e9baf7,a16367dd-0a7d-44a0-9626-a0a9c0298b58,session_completed,2025-01-17 20:14:24,2025-01-17,1335d4bb-cdd8-4b1e-a59b-ff8fd853b288
d0de1e5d-98c5-452c-bcd1-265bbe7988d0,001eef73-0a66-4b58-8af7-dce4221bc13c,onboarding_completed,2025-01-07 12:26:56,2025-01-07,
c9fa40a3-1c00-4d59-948c-18b04ea82104,4d61ad62-273e-41a0-8c19-59aaa53d6794,session_completed,2025-02-05 19:34:51,2025-02-05,acfdd4e5-86c1-4392-9c4c-c50b0e1f2e5f
841c1a1f-280d-411b-964f-4e51247ddc67,fabe2115-378f-4043-9684-1d714e37c434,session_started,2025-02-03 08:06:24,2025-02-03,4a378585-f5a9-4b14-a82b-120d5a8a3056
314f6d6f-b00c-4afa-b30a-a581afb8d898,f3be04c5-d733-49b3-ab91-e0c8674cb7a4,session_started,2025-02-11 10:59:08,2025-02-11,4472be75-5fe6-478d-a907-9730d70cd66a
35ef68f2-bb12-4741-97d3-020799e5819c,50e34efe-5bcc-411d-ad58-b0eecb2a9ab8,session_completed,2025-02-10 03:50:35,2025-02-10,fc9011c8-133d-4579-9a69-eb7e4b3d51fa
7f24fc9e-6bfe-40e6-9c5d-6c504aff6604,5f5570d1-a44e-43d6-8026-4fc0799f7478,app_install,2025-01-07 07:27:12,2025-01-07,
bcf848a6-e7f8-421c-9ca2-4cd898fbb1ff,a605e6ec-695c-4eda-aecf-4667b4b211b7,session_completed,2025-01-24 16:19:03,2025-01-24,1ef5afd7-4736-4443-9edd-f142f18ee475
b367777c-9997-4b08-8fc0-51e91b3c474b,2d808886-0496-4936-888b-455ad2a41154,session_completed,2025-01-21 22:13:03,2025-01-21,9b01cc1b-ee69-4f51-94a2-d2de24b5633e
7276c1e0-a76a-4081-93ac-3ec31689c563,75a20730-bbf6-4fcd-bb42-8b4498605579,sign_up,2025-01-23 20:13:32,2025-01-23,
482a277e-9ea3-40f6-a152-44065c912506,46a69c0d-2fcc-478d-aac1-e829ec806d75,sign_up,2025-01-09 17:37:49,2025-01-09,
9ddba13a-8e5d-4a68-9035-1353d100cb27,3e268b03-5940-4c0f-83ff-d25b3a5c28c4,sign_up,2025-01-20 15:53:48,2025-01-20,
2e5b8793-44bf-4cda-86e6-c9c47d5d8ef9,c60e8656-2093-4582-b1f7-c70f4b843a09,onboarding_completed,2025-01-19 02:53:27,2025-01-19,
755fdfee-a937-4fb3-87c2-07c17772bff7,da1d9196-c5fb-4857-9fee-d36554161173,session_started,2025-02-13 04:51:26,2025-02-13,a36245cf-a4b9-45f6-abc3-6bbdc6cb2b82
5b0f816a-83ef-4cf4-94a2-52d685ead725,a68736be-39bc-49f6-ac02-fade8469e0c9,session_completed,2025-01-24 08:22:30,2025-01-24,3cbf7f7c-31c5-4df4-9855-bff96208091b
95b7a307-6cbe-4177-9456-06f10c773cc4,4dcb7a3e-7013-4f6f-af60-6b4e11cbb91a,session_completed,2025-01-22 19:17:52,2025-01-22,85fe58ed-b606-4c32-a3f9-036a108cda81
5c64c1d3-4c07-456f-8ce6-0277420a6a35,ca3501d8-f60b-491d-98bc-323d6e6264e8,session_started,2025-01-24 09:32:27,2025-01-24,e793d65d-5f2d-42ff-9c94-63950c7a300f
65b97311-ef92-4968-9b7a-9307b363239e,ee1978e5-2ec2-45e3-87ee-24187f7a12b3,session_completed,2025-02-12 08:40:52,2025-02-12,97a6dbf7-1775-46d0-9bbe-91517f4f337b
727b4e39-1665-4089-8193-a9d61ce7e16f,a1dedd98-28b5-4059-b1f9-5c283e6d63ea,session_started,2025-02-05 19:03:43,2025-02-05,294d577b-5e7e-4ecd-ac49-84954ce2699c
8ef28a0f-030f-4046-adcc-81b7cd094323,39e79441-c39e-4031-9555-7118bd93f86b,session_started,2025-01-09 02:34:41,2025-01-09,2b0d08f5-3c43-4422-be68-7da9a338f4b6
0f026571-f549-41a0-b7f0-3037e9b11df4,ec8003e5-4317-46ac-87aa-b8b36dc82215,session_completed,2025-01-14 10:33:20,2025-01-14,d720fb39-37ea-4796-9974-a8edd53ca603
425309b3-1386-4b8a-8490-5e226f087d56,c4fa0440-4107-4b52-bece-612568ce3d98,session_completed,2025-01-16 17:16:02,2025-01-16,a82c1a87-b9d3-4213-9789-ab87db61abec
e74d1226-8b27-4cb5-a8c6-aa58e7047489,5b7142e8-b52e-47e9-9a39-004ccaae1f41,session_started,2025-01-21 19:13:14,2025-01-21,553fe570-fa2e-4598-80f2-dbd035b1c4dd
de30c905-2f24-4344-9f4d-ad3a30b44e8e,4c0f7b8d-32bc-4545-8234-88dad826cdf0,app_install,2025-01-26 22:39:33,2025-01-26,
5525f87a-e28e-416f-b550-9a86eaf245b9,bec6e120-d04d-41f8-b6b5-127c84117f3b,app_install,2025-01-09 10:56:30,2025-01-09,
b7e4d6db-bd56-4bfc-aa13-462124785fee,b481f2a9-74e1-4803-998c-66e8fb2438eb,sign_up,2025-01-27 23:57:41,2025-01-27,
18b0c9eb-8820-4ad1-b2d9-313f35a07834,d798311c-272f-4121-a011-90f9e6b9ed1c,session_completed,2025-02-09 06:30:14,2025-02-09,699b8549-5dce-4b95-b7c4-29a9992121d1
f66a4525-5957-4d3c-a4a1-6641e147e7b7,5dd235ba-560b-4f05-a15f-d84f6336c334,session_completed,2025-02-10 00:46:15,2025-02-10,e30ea7dd-86f7-4031-b279-f088e22d75c6
28affb2f-315b-4aac-8d2a-33b706c07762,79594ca6-f4c8-4e89-858d-dec6efc520a4,session_started,2025-01-15 10:19:27,2025-01-15,92962b08-400b-4120-aed8-95be67cd7652
87481528-4aaa-44df-97f4-938d3affbb72,212a5284-2059-483d-b527-f8f352c63611,session_completed,2025-01-03 13:14:55,2025-01-03,74032dfb-29c2-4db9-934d-0b1b97633e09
9c4aafdc-0863-48ff-9d4c-09246806464c,6f55e231-1092-4a47-93d5-561b4e847dca,session_completed,2025-01-20 21:15:04,2025-01-20,8dee3f91-1af4-4c9c-9343-99881de89801
a7dcc41e-38c9-488f-ac28-00d234d6e7bc,0d825e16-b5fc-40c9-b5e4-a495a0be64fa,sign_up,2025-01-16 20:15:22,2025-01-16,
b5df370d-ae8b-4a20-ae35-f37c241c7dd8,618b5346-91cd-4437-a598-55595aa308ae,session_completed,2025-02-03 13:17:26,2025-02-03,6206cea0-107f-4350-a135-4261cc360e2d
e443a78c-78c2-47e7-93b3-116942573684,8da408ae-dda6-4a35-8c09-5d8b00f33104,sign_up,2025-01-16 11:33:23,2025-01-16,
64b698ef-05b5-4ba9-87f8-5c6fdf6c0d10,9f2b71d3-d30c-4f81-abd0-20f06c33fcb7,session_started,2025-02-17 23:58:14,2025-02-17,230dc016-decc-41bd-9fa3-2e282a873901
e7a70dd7-ba5f-4034-9699-eee15342436d,776b286a-608b-47b0-ac89-e3b9a4414c48,session_started,2025-01-27 13:26:59,2025-01-27,9caa45c0-1399-4e32-a087-471238e18ce3
f343fd0b-c7be-40cb-b06a-4df8c99b1354,c01414f2-97ff-46e0-890e-40e4fd222035,session_started,2025-01-22 16:18:32,2025-01-22,3146d939-a43f-4e34-99d9-bf1423261f60
b7514543-1368-4340-b25e-55dc97ea6ad1,fd003da3-5a81-4bf4-b8b2-8e56d3a24ad5,session_started,2025-02-11 19:22:15,2025-02-11,93158698-b926-44d7-9aab-a40bd63b1fcd
f61b9727-a81b-4bbe-9d3e-9507b89a51f5,ea8b92c5-0805-4e4c-843d-ce6fed603b2e,sign_up,2025-01-29 18:36:39,2025-01-29,
71c3c476-e9fb-4437-9de3-3c9507f7e784,61dfc6aa-bf0a-4b3f-96e9-2c4a7af26bef,session_completed,2025-01-20 21:20:30,2025-01-20,7902eeb8-df44-4440-83c6-1cb614178ecf
db55c399-fd1a-4370-8af9-6c83ed2eaa8d,2a6a905c-f7c3-4ff0-b0b3-8e9b2fd803d5,session_started,2025-02-03 02:20:02,2025-02-03,ecb356a7-e0b3-4811-87d7-5a18b37a2a8d
ca0e064a-c01d-4165-ae00-1323ccb1e8d9,853991e7-5c4f-400c-9025-1ede47f1d2d0,session_started,2025-02-05 08:03:50,2025-02-05,829097d1-3c5c-42b3-8473-4affc0f201a5
43094a4b-8199-4d10-9556-5865a7abcfd2,dd05c278-e7eb-4f49-8751-cfce63abc4a3,sign_up,2025-01-05 17:50:54,2025-01-05,
2fe88b6c-2982-43f7-aa8a-d28e4d15a6af,21b23252-e952-4ac6-bd4c-349a7275390f,session_completed,2025-02-11 13:26:46,2025-02-11,ab15376c-727c-4dc9-922e-52276133557b
aacc0230-ef30-43fd-8425-2a8f2bff50c1,1c92d202-db50-4fba-b440-a055db292c74,app_install,2025-01-10 00:38:11,2025-01-10,
fdd2d860-7f4a-46d0-a629-45c42fa4fb1a,ca4d6f50-00e0-479a-8de1-fa446f4dc06c,session_completed,2025-01-29 05:44:34,2025-01-29,5a316115-a72d-41bc-802e-f242a2818422
df9bcede-a70b-487c-b66e-9e58186a9594,72baf65a-4a6d-4950-851b-177532ca8cd2,session_started,2025-02-15 01:50:41,2025-02-15,a89894fe-20a5-42e4-8267-d781e7bf705a
6544e238-e55a-48ae-9116-71198a2d0486,b98ba439-014f-4080-8238-2a05ad8cdf37,session_completed,2025-02-11 09:29:04,2025-02-11,8c94c18d-7e97-4fca-9a79-66262786b792
438b334f-624b-406e-b154-344e3710766a,a9bb73c9-64e0-4eb4-b88e-21b7541346f2,session_started,2025-01-27 14:17:11,2025-01-27,97385bc5-e25e-43b6-a9f0-43b2edf34a42
cd9fcef0-d094-4bbc-892a-7b545b030b3a,f2402997-4ee0-486f-8eaa-ac41fbba165c,session_completed,2025-01-21 14:10:09,2025-01-21,a1e3f114-e312-4d55-a1ae-63d28f9332c7
7ec7f835-5e99-46f6-a8ac-f2e1d22ff478,4fe6effb-c419-439c-a340-682d845260ef,session_started,2025-02-17 18:43:48,2025-02-17,3b348607-484f-49c9-8c29-d53f1eb600cc
c5912686-5ccd-40ba-b04b-3928309d4df6,b98ba439-014f-4080-8238-2a05ad8cdf37,session_completed,2025-02-26 14:35:08,2025-02-26,5b0a194b-f2d0-4335-8673-078786b4eb18
75ef9851-db6b-420b-82a2-6c5ab391498d,560c953c-6f06-4f81-9943-05640b85baab,session_completed,2025-02-25 06:42:40,2025-02-25,f766e0e0-3db8-4121-9953-e1ed7fe02113
9cd64400-8251-4267-b78c-0aa9c704c7b1,aba5844e-255a-4676-90f5-f9b76fd77842,onboarding_completed,2025-01-18 01:41:59,2025-01-18,
eb1534ab-a0f2-4270-ba75-ef56a7a28951,89bf0ac7-cd6d-420b-98eb-7263f81c2abd,sign_up,2025-01-28 09:00:14,2025-01-28,
aa424d90-cd38-4858-87e1-6b5db3595edd,00f573d4-b35a-4e98-be56-cf0f8bfb97e4,session_completed,2025-02-05 16:17:23,2025-02-05,7c38ba92-0772-487b-a0cc-585201c5cb3d
66256301-01e4-4948-9b10-2b84d88edf2a,76acc6dd-382e-496e-8fd6-20eb66d7a6de,onboarding_completed,2025-01-08 03:10:36,2025-01-08,
eab5de09-6559-4556-ae10-bd17ae7305a8,335ca122-ee66-464e-a26b-84b1ebe39743,sign_up,2025-01-13 08:46:23,2025-01-13,
a6284a3a-a124-4e78-a1bf-b05c35476c16,194c0b05-5840-4fdb-a6da-3de29e74c8db,session_started,2025-02-01 02:35:40,2025-02-01,c0f58e28-b7c2-4d0f-9cd7-1fcaa3862e61
e9d2d612-cb76-4bd3-8c66-be41c5b6878a,f4fc5f8e-c5cf-405d-a108-5b32fde60140,session_started,2025-02-10 03:08:17,2025-02-10,a24f99ce-fbca-4ef0-a23f-581dbc495ebf
e03f84ee-7533-4401-89c4-971600306b8b,4b8af3e9-b578-443f-a76c-d5c764fc415b,sign_up,2025-01-10 18:57:58,2025-01-10,
1f836c89-26d6-408e-8608-aa29cad10855,7853057d-06d2-4619-bd37-f8e27c8fda93,onboarding_completed,2025-01-04 09:09:15,2025-01-04,
e4f6df8d-4b64-4e63-a450-5fa89edb637e,f26d5214-dc33-4696-b586-e7e3d3a8d8cc,session_completed,2025-02-02 16:35:16,2025-02-02,73c1c964-aca2-4b82-a028-83eb5dedf9bf
8510f1ed-85a6-4b67-896c-fb92303baabb,62259082-fb53-4543-a97c-90e13950b2fd,session_completed,2025-02-19 16:46:20,2025-02-19,51bb9694-74ea-47b9-a69f-4eef85b1f5a9
c9219a40-ad3e-4099-a1ae-75e8e6c9ec51,6af87615-38b6-43d5-8aca-7c6d6bc0d223,app_install,2025-01-21 15:34:40,2025-01-21,
05e04298-c3db-485a-b5c7-fdb0557cb86c,2a8a7ee5-a920-4b18-8a45-a64951460e1d,session_completed,2025-02-02 11:16:53,2025-02-02,cb1df94f-082a-4de3-9ac9-a637993df33b
dd16e297-21a7-47c5-919f-aa50e03ab140,236d8716-35b4-46b1-bf1d-18bd59a08e17,session_started,2025-01-11 02:25:55,2025-01-11,436662ba-459b-44fb-b6f8-4e7814a79dd4
b9843ca7-6458-4368-9bc3-fc6f25eff974,7dc26a4a-a354-4f5f-866f-6c792437ad6d,session_completed,2025-02-10 20:06:27,2025-02-10,2c6be61d-04b8-48fb-ac87-034910403d5b
f091d8ad-b61a-4a83-a392-b758b46d3ced,405b139c-180c-4128-8582-c25fc646c442,app_install,2025-01-20 23:58:49,2025-01-20,
